"sourceKind","sourceId","sourceName","relation","targetKind","targetId","targetName"
"tag","44","Google Ads Remarketing - Add to Cart","references_variable","variable","24","Google Ads - Conversion ID - 874796722"
"tag","44","Google Ads Remarketing - Add to Cart","references_variable","variable","38","js - Google Ads - Add to Cart - Shopify ID"
"tag","44","Google Ads Remarketing - Add to Cart","references_variable","variable","40","dlv - Customer ID"
"tag","44","Google Ads Remarketing - Add to Cart","references_variable","variable","41","dlv - Global - Visitor Type"
"tag","44","Google Ads Remarketing - Add to Cart","references_variable","variable","42","dlv - Add to Cart - Variant ID"
"tag","44","Google Ads Remarketing - Add to Cart","references_variable","variable","43","dlv - Add to Cart - Price"
"tag","44","Google Ads Remarketing - Add to Cart","references_trigger","trigger","36","Event - add_to_cart"
"tag","49","Google Ads Remarketing - Cart Page","references_variable","variable","24","Google Ads - Conversion ID - 874796722"
"tag","49","Google Ads Remarketing - Cart Page","references_variable","variable","40","dlv - Customer ID"
"tag","49","Google Ads Remarketing - Cart Page","references_variable","variable","47","js - Google Ads - Cart Page - Shopify ID"
"tag","49","Google Ads Remarketing - Cart Page","references_variable","variable","48","dlv - Cart Total"
"tag","49","Google Ads Remarketing - Cart Page","references_trigger","trigger","45","Event - view_cart"
"tag","58","Google Ads Remarketing - Search Results","references_variable","variable","24","Google Ads - Conversion ID - 874796722"
"tag","58","Google Ads Remarketing - Search Results","references_variable","variable","40","dlv - Customer ID"
"tag","58","Google Ads Remarketing - Search Results","references_variable","variable","41","dlv - Global - Visitor Type"
"tag","58","Google Ads Remarketing - Search Results","references_variable","variable","56","url - Search - Search Term"
"tag","58","Google Ads Remarketing - Search Results","references_variable","variable","57","js - Google Ads - Collection Page - Shopify ID"
"tag","58","Google Ads Remarketing - Search Results","references_trigger","trigger","55","Event - view_search_results"
"tag","68","Google Ads Remarketing - View Item List","references_variable","variable","24","Google Ads - Conversion ID - 874796722"
"tag","68","Google Ads Remarketing - View Item List","references_variable","variable","40","dlv - Customer ID"
"tag","68","Google Ads Remarketing - View Item List","references_variable","variable","41","dlv - Global - Visitor Type"
"tag","68","Google Ads Remarketing - View Item List","references_variable","variable","51","dlv - Collection View - Name"
"tag","68","Google Ads Remarketing - View Item List","references_variable","variable","57","js - Google Ads - Collection Page - Shopify ID"
"tag","68","Google Ads Remarketing - View Item List","references_trigger","trigger","35","Event - view_item_list"
"tag","71","Google Ads Remarketing - View Item","references_variable","variable","24","Google Ads - Conversion ID - 874796722"
"tag","71","Google Ads Remarketing - View Item","references_variable","variable","33","js - Google Ads - Product View - Shopify ID"
"tag","71","Google Ads Remarketing - View Item","references_variable","variable","40","dlv - Customer ID"
"tag","71","Google Ads Remarketing - View Item","references_variable","variable","41","dlv - Global - Visitor Type"
"tag","71","Google Ads Remarketing - View Item","references_variable","variable","61","dlv - Product View - Variant ID"
"tag","71","Google Ads Remarketing - View Item","references_variable","variable","70","dlv - Product View - Price"
"tag","71","Google Ads Remarketing - View Item","references_trigger","trigger","64","Event - view_item"
"tag","78","Google Ads Conversion - Purchase","references_variable","variable","22","dlv - Thank You Page - Order Revenue"
"tag","78","Google Ads Conversion - Purchase","references_variable","variable","24","Google Ads - Conversion ID - 874796722"
"tag","78","Google Ads Conversion - Purchase","references_variable","variable","28","dlv - Global - Currency Code"
"tag","78","Google Ads Conversion - Purchase","references_variable","variable","66","js - New Customer - True or False"
"tag","78","Google Ads Conversion - Purchase","references_variable","variable","67","dlv - Thank You Page - Customer Lifetime Value"
"tag","78","Google Ads Conversion - Purchase","references_variable","variable","69","dlv - Thank You Page - Order ID"
"tag","78","Google Ads Conversion - Purchase","references_variable","variable","77","Enhanced Conversion Data"
"tag","78","Google Ads Conversion - Purchase","references_variable","variable","82","js - Google Ads - Purchase Product Data"
"tag","78","Google Ads Conversion - Purchase","references_variable","variable","118","dlv - Thank You Page - Discount Amount"
"tag","78","Google Ads Conversion - Purchase","references_trigger","trigger","62","Event - dl_purchase"
"tag","80","Google Ads Remarketing - Purchase","references_variable","variable","22","dlv - Thank You Page - Order Revenue"
"tag","80","Google Ads Remarketing - Purchase","references_variable","variable","24","Google Ads - Conversion ID - 874796722"
"tag","80","Google Ads Remarketing - Purchase","references_variable","variable","40","dlv - Customer ID"
"tag","80","Google Ads Remarketing - Purchase","references_variable","variable","41","dlv - Global - Visitor Type"
"tag","80","Google Ads Remarketing - Purchase","references_variable","variable","53","dlv - Thank You Page - Customer Total Order Count"
"tag","80","Google Ads Remarketing - Purchase","references_variable","variable","67","dlv - Thank You Page - Customer Lifetime Value"
"tag","80","Google Ads Remarketing - Purchase","references_variable","variable","79","js - Google Ads - Purchase - Shopify ID"
"tag","80","Google Ads Remarketing - Purchase","references_trigger","trigger","62","Event - dl_purchase"
"tag","81","Google Ads Remarketing - Pageview","references_variable","variable","24","Google Ads - Conversion ID - 874796722"
"tag","81","Google Ads Remarketing - Pageview","references_variable","variable","30","regex - Page Type"
"tag","81","Google Ads Remarketing - Pageview","references_variable","variable","40","dlv - Customer ID"
"tag","81","Google Ads Remarketing - Pageview","references_trigger","trigger","59","All Pages - Window Loaded"
"tag","88","Pinterest - Account Sign Up","references_variable","variable","83","dlv - event_id"
"tag","88","Pinterest - Account Sign Up","references_variable","variable","84","dlv - Customer Email"
"tag","88","Pinterest - Account Sign Up","references_variable","variable","86","Pinterest ID"
"tag","88","Pinterest - Account Sign Up","references_trigger","trigger","87","Event - sign_up"
"tag","98","Elevar Monitoring Core Tag","references_trigger","trigger","59","All Pages - Window Loaded"
"tag","98","Elevar Monitoring Core Tag","references_template","template","96","Elevar Monitoring Core Tag"
"tag","103","Pinterest - Search","references_variable","variable","56","url - Search - Search Term"
"tag","103","Pinterest - Search","references_variable","variable","83","dlv - event_id"
"tag","103","Pinterest - Search","references_variable","variable","84","dlv - Customer Email"
"tag","103","Pinterest - Search","references_variable","variable","86","Pinterest ID"
"tag","103","Pinterest - Search","references_variable","variable","102","js - Collection - Pinterest line items"
"tag","103","Pinterest - Search","references_trigger","trigger","55","Event - view_search_results"
"tag","105","Pinterest - View Category","references_variable","variable","83","dlv - event_id"
"tag","105","Pinterest - View Category","references_variable","variable","84","dlv - Customer Email"
"tag","105","Pinterest - View Category","references_variable","variable","86","Pinterest ID"
"tag","105","Pinterest - View Category","references_variable","variable","102","js - Collection - Pinterest line items"
"tag","105","Pinterest - View Category","references_variable","variable","104","DOM - Page Title"
"tag","105","Pinterest - View Category","references_trigger","trigger","35","Event - view_item_list"
"tag","107","Pinterest - Transaction","references_variable","variable","22","dlv - Thank You Page - Order Revenue"
"tag","107","Pinterest - Transaction","references_variable","variable","28","dlv - Global - Currency Code"
"tag","107","Pinterest - Transaction","references_variable","variable","69","dlv - Thank You Page - Order ID"
"tag","107","Pinterest - Transaction","references_variable","variable","84","dlv - Customer Email"
"tag","107","Pinterest - Transaction","references_variable","variable","86","Pinterest ID"
"tag","107","Pinterest - Transaction","references_variable","variable","93","js - Thank You Page - Total Product Quantity"
"tag","107","Pinterest - Transaction","references_variable","variable","106","js - Thank You Page - Pinterest line items"
"tag","107","Pinterest - Transaction","references_trigger","trigger","62","Event - dl_purchase"
"tag","111","Pinterest - Lead","references_variable","variable","83","dlv - event_id"
"tag","111","Pinterest - Lead","references_variable","variable","84","dlv - Customer Email"
"tag","111","Pinterest - Lead","references_variable","variable","86","Pinterest ID"
"tag","111","Pinterest - Lead","references_trigger","trigger","90","Event - subscribe - email"
"tag","121","Elevar Monitoring Tag Info","references_trigger","trigger","108","All Events"
"tag","121","Elevar Monitoring Tag Info","references_template","template","110","Elevar Monitoring Tag Info"
"tag","124","Pinterest - Pageview","references_variable","variable","83","dlv - event_id"
"tag","124","Pinterest - Pageview","references_variable","variable","84","dlv - Customer Email"
"tag","124","Pinterest - Pageview","references_variable","variable","86","Pinterest ID"
"tag","124","Pinterest - Pageview","references_trigger","trigger","120","Event - user_data"
"tag","124","Pinterest - Pageview","references_trigger","trigger","123","Exception - Product Pages"
"tag","127","Pinterest - Product Detail View","references_variable","variable","28","dlv - Global - Currency Code"
"tag","127","Pinterest - Product Detail View","references_variable","variable","83","dlv - event_id"
"tag","127","Pinterest - Product Detail View","references_variable","variable","84","dlv - Customer Email"
"tag","127","Pinterest - Product Detail View","references_variable","variable","86","Pinterest ID"
"tag","127","Pinterest - Product Detail View","references_variable","variable","119","js - Product View - Pinterest line items"
"tag","127","Pinterest - Product Detail View","references_trigger","trigger","64","Event - view_item"
"tag","128","Pinterest - Add to Cart","references_variable","variable","28","dlv - Global - Currency Code"
"tag","128","Pinterest - Add to Cart","references_variable","variable","43","dlv - Add to Cart - Price"
"tag","128","Pinterest - Add to Cart","references_variable","variable","83","dlv - event_id"
"tag","128","Pinterest - Add to Cart","references_variable","variable","84","dlv - Customer Email"
"tag","128","Pinterest - Add to Cart","references_variable","variable","86","Pinterest ID"
"tag","128","Pinterest - Add to Cart","references_variable","variable","115","js - Add To Cart - Pinterest line items"
"tag","128","Pinterest - Add to Cart","references_variable","variable","116","dlv - Add to Cart - Quantity"
"tag","128","Pinterest - Add to Cart","references_trigger","trigger","36","Event - add_to_cart"
"tag","131","Pinterest - Base Tag","references_variable","variable","84","dlv - Customer Email"
"tag","131","Pinterest - Base Tag","references_variable","variable","86","Pinterest ID"
"tag","179","Facebook - Sitewide Pixel","references_variable","variable","83","dlv - event_id"
"tag","179","Facebook - Sitewide Pixel","references_variable","variable","176","dlv - user_id"
"tag","179","Facebook - Sitewide Pixel","references_variable","variable","177","Facebook - Pixel ID"
"tag","179","Facebook - Sitewide Pixel","references_trigger","trigger","120","Event - user_data"
"tag","179","Facebook - Sitewide Pixel","references_trigger","trigger","178","Exception Event - Purchase Thank You Page"
"tag","180","Facebook - SMS Signup","references_variable","variable","83","dlv - event_id"
"tag","180","Facebook - SMS Signup","references_variable","variable","177","Facebook - Pixel ID"
"tag","180","Facebook - SMS Signup","references_trigger","trigger","113","Event - subscribe - phone"
"tag","182","Facebook - Store event_id","references_variable","variable","83","dlv - event_id"
"tag","182","Facebook - Store event_id","references_trigger","trigger","181","Event - user_data - Thank You Page"
"tag","193","Facebook - Subscribe","references_variable","variable","28","dlv - Global - Currency Code"
"tag","193","Facebook - Subscribe","references_variable","variable","50","dlv - Thank You Page - Customer Email"
"tag","193","Facebook - Subscribe","references_variable","variable","52","dlv - Thank You Page - Customer Country Code"
"tag","193","Facebook - Subscribe","references_variable","variable","63","dlv - Thank You Page - Customer Zip"
"tag","193","Facebook - Subscribe","references_variable","variable","65","dlv - Thank You Page - Customer Last Name"
"tag","193","Facebook - Subscribe","references_variable","variable","69","dlv - Thank You Page - Order ID"
"tag","193","Facebook - Subscribe","references_variable","variable","72","dlv - Thank You Page - Customer Phone Number"
"tag","193","Facebook - Subscribe","references_variable","variable","73","dlv - Thank You Page - Customer City"
"tag","193","Facebook - Subscribe","references_variable","variable","74","dlv - Thank You Page - Customer First Name"
"tag","193","Facebook - Subscribe","references_variable","variable","152","dlv - Thank You Page - Action Field"
"tag","193","Facebook - Subscribe","references_variable","variable","176","dlv - user_id"
"tag","193","Facebook - Subscribe","references_variable","variable","177","Facebook - Pixel ID"
"tag","193","Facebook - Subscribe","references_variable","variable","185","var - Thank You Page - User Data Event ID"
"tag","193","Facebook - Subscribe","references_variable","variable","186","Facebook - conversion value"
"tag","193","Facebook - Subscribe","references_variable","variable","187","js - Facebook - Contents - Thank You Page"
"tag","193","Facebook - Subscribe","references_variable","variable","188","js - Facebook - Content_IDs - Thank You Page"
"tag","193","Facebook - Subscribe","references_variable","variable","189","dlv - Thank You Page - Customer Province Code"
"tag","193","Facebook - Subscribe","references_variable","variable","190","js - Customer Type"
"tag","193","Facebook - Subscribe","references_variable","variable","191","cookie - GA Client ID"
"tag","193","Facebook - Subscribe","references_variable","variable","192","Facebook - product group"
"tag","193","Facebook - Subscribe","references_variable","variable","476","js - Facebook - Content_Name - Thank You Page"
"tag","193","Facebook - Subscribe","references_variable","variable","477","js - Facebook - Content_Category - Thank You Page"
"tag","193","Facebook - Subscribe","references_trigger","trigger","159","Event - subscription purchase"
"tag","198","Facebook - Account Sign Up","references_variable","variable","83","dlv - event_id"
"tag","198","Facebook - Account Sign Up","references_variable","variable","177","Facebook - Pixel ID"
"tag","198","Facebook - Account Sign Up","references_trigger","trigger","87","Event - sign_up"
"tag","199","Facebook - Search","references_variable","variable","28","dlv - Global - Currency Code"
"tag","199","Facebook - Search","references_variable","variable","56","url - Search - Search Term"
"tag","199","Facebook - Search","references_variable","variable","83","dlv - event_id"
"tag","199","Facebook - Search","references_variable","variable","177","Facebook - Pixel ID"
"tag","199","Facebook - Search","references_variable","variable","184","js - Facebook - Contents - Impressions"
"tag","199","Facebook - Search","references_variable","variable","192","Facebook - product group"
"tag","199","Facebook - Search","references_variable","variable","197","js - Facebook - Content_IDs - Impressions"
"tag","199","Facebook - Search","references_trigger","trigger","55","Event - view_search_results"
"tag","201","Facebook - Add Payment Info","references_variable","variable","28","dlv - Global - Currency Code"
"tag","201","Facebook - Add Payment Info","references_variable","variable","48","dlv - Cart Total"
"tag","201","Facebook - Add Payment Info","references_variable","variable","83","dlv - event_id"
"tag","201","Facebook - Add Payment Info","references_variable","variable","177","Facebook - Pixel ID"
"tag","201","Facebook - Add Payment Info","references_variable","variable","192","Facebook - product group"
"tag","201","Facebook - Add Payment Info","references_variable","variable","195","js - Facebook - Contents - Checkout Page"
"tag","201","Facebook - Add Payment Info","references_variable","variable","200","js - Facebook - Content_IDs - Checkout Page"
"tag","201","Facebook - Add Payment Info","references_variable","variable","478","js - Facebook - Content_Category - Checkout Page"
"tag","201","Facebook - Add Payment Info","references_variable","variable","479","js - Facebook - Content_Name - Checkout Page"
"tag","201","Facebook - Add Payment Info","references_trigger","trigger","162","Event - add_payment_info"
"tag","203","Facebook - Add to Cart","references_variable","variable","28","dlv - Global - Currency Code"
"tag","203","Facebook - Add to Cart","references_variable","variable","37","dlv - Add to Cart - Add Array"
"tag","203","Facebook - Add to Cart","references_variable","variable","43","dlv - Add to Cart - Price"
"tag","203","Facebook - Add to Cart","references_variable","variable","83","dlv - event_id"
"tag","203","Facebook - Add to Cart","references_variable","variable","117","dlv - Add to Cart - Category"
"tag","203","Facebook - Add to Cart","references_variable","variable","132","dlv - Add to Cart - Product Name"
"tag","203","Facebook - Add to Cart","references_variable","variable","177","Facebook - Pixel ID"
"tag","203","Facebook - Add to Cart","references_variable","variable","183","Facebook - product identifier"
"tag","203","Facebook - Add to Cart","references_variable","variable","192","Facebook - product group"
"tag","203","Facebook - Add to Cart","references_variable","variable","202","js - Facebook - Contents - Add to Cart"
"tag","203","Facebook - Add to Cart","references_trigger","trigger","36","Event - add_to_cart"
"tag","204","Facebook - Initiate Checkout","references_variable","variable","28","dlv - Global - Currency Code"
"tag","204","Facebook - Initiate Checkout","references_variable","variable","48","dlv - Cart Total"
"tag","204","Facebook - Initiate Checkout","references_variable","variable","83","dlv - event_id"
"tag","204","Facebook - Initiate Checkout","references_variable","variable","177","Facebook - Pixel ID"
"tag","204","Facebook - Initiate Checkout","references_variable","variable","192","Facebook - product group"
"tag","204","Facebook - Initiate Checkout","references_variable","variable","195","js - Facebook - Contents - Checkout Page"
"tag","204","Facebook - Initiate Checkout","references_variable","variable","200","js - Facebook - Content_IDs - Checkout Page"
"tag","204","Facebook - Initiate Checkout","references_variable","variable","478","js - Facebook - Content_Category - Checkout Page"
"tag","204","Facebook - Initiate Checkout","references_variable","variable","479","js - Facebook - Content_Name - Checkout Page"
"tag","204","Facebook - Initiate Checkout","references_trigger","trigger","169","Event - begin_checkout"
"tag","205","Facebook - Product View","references_variable","variable","28","dlv - Global - Currency Code"
"tag","205","Facebook - Product View","references_variable","variable","31","dlv - Product View - Details Array"
"tag","205","Facebook - Product View","references_variable","variable","70","dlv - Product View - Price"
"tag","205","Facebook - Product View","references_variable","variable","83","dlv - event_id"
"tag","205","Facebook - Product View","references_variable","variable","126","dlv - Product View - Category Name"
"tag","205","Facebook - Product View","references_variable","variable","129","dlv - Product View - Name"
"tag","205","Facebook - Product View","references_variable","variable","177","Facebook - Pixel ID"
"tag","205","Facebook - Product View","references_variable","variable","183","Facebook - product identifier"
"tag","205","Facebook - Product View","references_variable","variable","192","Facebook - product group"
"tag","205","Facebook - Product View","references_variable","variable","196","js - Facebook - Contents - Product View"
"tag","205","Facebook - Product View","references_trigger","trigger","64","Event - view_item"
"tag","206","Facebook - View Category","references_variable","variable","28","dlv - Global - Currency Code"
"tag","206","Facebook - View Category","references_variable","variable","83","dlv - event_id"
"tag","206","Facebook - View Category","references_variable","variable","177","Facebook - Pixel ID"
"tag","206","Facebook - View Category","references_variable","variable","184","js - Facebook - Contents - Impressions"
"tag","206","Facebook - View Category","references_variable","variable","192","Facebook - product group"
"tag","206","Facebook - View Category","references_variable","variable","197","js - Facebook - Content_IDs - Impressions"
"tag","206","Facebook - View Category","references_trigger","trigger","35","Event - view_item_list"
"tag","207","Facebook - Email Signup","references_variable","variable","83","dlv - event_id"
"tag","207","Facebook - Email Signup","references_variable","variable","177","Facebook - Pixel ID"
"tag","207","Facebook - Email Signup","references_trigger","trigger","90","Event - subscribe - email"
"tag","210","Facebook - Purchase","references_variable","variable","28","dlv - Global - Currency Code"
"tag","210","Facebook - Purchase","references_variable","variable","50","dlv - Thank You Page - Customer Email"
"tag","210","Facebook - Purchase","references_variable","variable","52","dlv - Thank You Page - Customer Country Code"
"tag","210","Facebook - Purchase","references_variable","variable","63","dlv - Thank You Page - Customer Zip"
"tag","210","Facebook - Purchase","references_variable","variable","65","dlv - Thank You Page - Customer Last Name"
"tag","210","Facebook - Purchase","references_variable","variable","69","dlv - Thank You Page - Order ID"
"tag","210","Facebook - Purchase","references_variable","variable","72","dlv - Thank You Page - Customer Phone Number"
"tag","210","Facebook - Purchase","references_variable","variable","73","dlv - Thank You Page - Customer City"
"tag","210","Facebook - Purchase","references_variable","variable","74","dlv - Thank You Page - Customer First Name"
"tag","210","Facebook - Purchase","references_variable","variable","152","dlv - Thank You Page - Action Field"
"tag","210","Facebook - Purchase","references_variable","variable","176","dlv - user_id"
"tag","210","Facebook - Purchase","references_variable","variable","177","Facebook - Pixel ID"
"tag","210","Facebook - Purchase","references_variable","variable","185","var - Thank You Page - User Data Event ID"
"tag","210","Facebook - Purchase","references_variable","variable","186","Facebook - conversion value"
"tag","210","Facebook - Purchase","references_variable","variable","187","js - Facebook - Contents - Thank You Page"
"tag","210","Facebook - Purchase","references_variable","variable","188","js - Facebook - Content_IDs - Thank You Page"
"tag","210","Facebook - Purchase","references_variable","variable","189","dlv - Thank You Page - Customer Province Code"
"tag","210","Facebook - Purchase","references_variable","variable","190","js - Customer Type"
"tag","210","Facebook - Purchase","references_variable","variable","191","cookie - GA Client ID"
"tag","210","Facebook - Purchase","references_variable","variable","192","Facebook - product group"
"tag","210","Facebook - Purchase","references_variable","variable","476","js - Facebook - Content_Name - Thank You Page"
"tag","210","Facebook - Purchase","references_variable","variable","477","js - Facebook - Content_Category - Thank You Page"
"tag","210","Facebook - Purchase","references_trigger","trigger","480","Event - purchase"
"tag","221","GA4 Event - collection page - product lists click","references_variable","variable","215","GA4 ID"
"tag","221","GA4 Event - collection page - product lists click","references_trigger","trigger","220","Click - GA4 Event - collection page - product lists click"
"tag","223","GA4 Event - home page - featured collection click","references_variable","variable","215","GA4 ID"
"tag","223","GA4 Event - home page - featured collection click","references_trigger","trigger","222","Click - GA4 Event - home page - featured collection click"
"tag","227","GA4 Event - navigation - footer nav click","references_variable","variable","215","GA4 ID"
"tag","227","GA4 Event - navigation - footer nav click","references_trigger","trigger","226","Click - GA4 Event - navigation - footer nav click"
"tag","229","GA4 Event - product page - add to cart click","references_variable","variable","215","GA4 ID"
"tag","229","GA4 Event - product page - add to cart click","references_trigger","trigger","228","Click - GA4 Event - product page - add to cart click"
"tag","231","GA4 Event - recommended products click","references_variable","variable","215","GA4 ID"
"tag","231","GA4 Event - recommended products click","references_trigger","trigger","230","Click - GA4 Event - recommended products click"
"tag","233","GA4 Event - home page - shop onesies click","references_variable","variable","215","GA4 ID"
"tag","233","GA4 Event - home page - shop onesies click","references_trigger","trigger","232","Click - GA4 Event - home page - shop onesies click"
"tag","237","GA4 Event - home page - featured products click","references_variable","variable","215","GA4 ID"
"tag","237","GA4 Event - home page - featured products click","references_trigger","trigger","235","Click - GA4 Event - home page - featured products click"
"tag","237","GA4 Event - home page - featured products click","references_trigger","trigger","236","Click - GA4 Event - home page - featured products 2 click"
"tag","239","GA4 Event - cart drawer - upsell products click","references_variable","variable","215","GA4 ID"
"tag","239","GA4 Event - cart drawer - upsell products click","references_trigger","trigger","238","Click - GA4 Event - cart drawer - upsell products click"
"tag","247","GA4 Event - global feature - quickshop atc button click","references_variable","variable","215","GA4 ID"
"tag","247","GA4 Event - global feature - quickshop atc button click","references_trigger","trigger","246","Click - GA4 Event - global feature - quickshop atc button click"
"tag","248","GA4 Event - home page - deal of the week click","references_variable","variable","215","GA4 ID"
"tag","248","GA4 Event - home page - deal of the week click","references_trigger","trigger","245","Click - GA4 Event - home page - deal of the week click"
"tag","250","GA4 Event - navigation - desktop main nav click","references_variable","variable","215","GA4 ID"
"tag","250","GA4 Event - navigation - desktop main nav click","references_trigger","trigger","241","Click - GA4 Event - navigation - desktop main nav 2 click"
"tag","250","GA4 Event - navigation - desktop main nav click","references_trigger","trigger","243","Click - GA4 Event - navigation - desktop main nav click"
"tag","251","GA4 Event - product page - hot seller products click","references_variable","variable","215","GA4 ID"
"tag","251","GA4 Event - product page - hot seller products click","references_trigger","trigger","244","Click - GA4 Event - product page - hot seller products click"
"tag","253","GA4 Event - navigation - mobile main nav click","references_variable","variable","215","GA4 ID"
"tag","253","GA4 Event - navigation - mobile main nav click","references_trigger","trigger","252","Click - GA4 Event - navigation - mobile main nav click"
"tag","255","GA4 Event - collection page - colletion filter click","references_variable","variable","215","GA4 ID"
"tag","255","GA4 Event - collection page - colletion filter click","references_trigger","trigger","254","Click - GA4 Event - collection page - colletion filter click"
"tag","256","GA4 Event - home page - hero image button click","references_variable","variable","215","GA4 ID"
"tag","256","GA4 Event - home page - hero image button click","references_trigger","trigger","249","Click - GA4 Event - home page - hero image button click"
"tag","259","GA4 Event - cart drawer - checkout click","references_variable","variable","215","GA4 ID"
"tag","259","GA4 Event - cart drawer - checkout click","references_trigger","trigger","242","Click - GA4 Event - cart drawer - checkout click"
"tag","260","GA4 Event - product page - product variants click","references_variable","variable","215","GA4 ID"
"tag","260","GA4 Event - product page - product variants click","references_trigger","trigger","258","Click - GA4 Event - product page - product variants click"
"tag","261","GA4 Event - home page - featured category click","references_variable","variable","215","GA4 ID"
"tag","261","GA4 Event - home page - featured category click","references_trigger","trigger","224","Click - GA4 Event - home page - featured category click"
"tag","262","GA4 Event - global feature - quickshop variant option click","references_variable","variable","215","GA4 ID"
"tag","262","GA4 Event - global feature - quickshop variant option click","references_trigger","trigger","257","Click - GA4 Event - global feature - quickshop variant option click"
"tag","263","GA4 Event - navigation - announcement header click","references_variable","variable","215","GA4 ID"
"tag","263","GA4 Event - navigation - announcement header click","references_trigger","trigger","225","Click - GA4 Event - navigation - announcement header click"
"tag","264","GA4 Event - home page - instagram feed interaction click","references_variable","variable","215","GA4 ID"
"tag","264","GA4 Event - home page - instagram feed interaction click","references_trigger","trigger","234","Click - GA4 Event - home page - instagram feed interaction click"
"tag","265","GA4 Event - home page - shop outfit section click","references_variable","variable","215","GA4 ID"
"tag","265","GA4 Event - home page - shop outfit section click","references_trigger","trigger","240","Click - GA4 Event - home page - shop outfit section click"
"tag","269","GA4 - Search","references_variable","variable","56","url - Search - Search Term"
"tag","269","GA4 - Search","references_variable","variable","215","GA4 ID"
"tag","269","GA4 - Search","references_trigger","trigger","55","Event - view_search_results"
"tag","274","GA4 - Add Payment Info","references_variable","variable","28","dlv - Global - Currency Code"
"tag","274","GA4 - Add Payment Info","references_variable","variable","48","dlv - Cart Total"
"tag","274","GA4 - Add Payment Info","references_variable","variable","215","GA4 ID"
"tag","274","GA4 - Add Payment Info","references_variable","variable","273","js - GA4 - begin checkout"
"tag","274","GA4 - Add Payment Info","references_trigger","trigger","162","Event - add_payment_info"
"tag","278","GA4 - Click Item From Collection Page","references_variable","variable","215","GA4 ID"
"tag","278","GA4 - Click Item From Collection Page","references_variable","variable","277","js - GA4 - select item"
"tag","278","GA4 - Click Item From Collection Page","references_trigger","trigger","275","Event - select_item"
"tag","280","GA4 - Login","references_variable","variable","213","dlv - User ID"
"tag","280","GA4 - Login","references_variable","variable","215","GA4 ID"
"tag","280","GA4 - Login","references_trigger","trigger","279","Event - login"
"tag","286","GA4 Base Tag Configuration","references_variable","variable","215","GA4 ID"
"tag","286","GA4 Base Tag Configuration","references_variable","variable","268","GA4 Config Settings"
"tag","286","GA4 Base Tag Configuration","references_variable","variable","285","GA4 Event Settings"
"tag","286","GA4 Base Tag Configuration","references_trigger","trigger","120","Event - user_data"
"tag","288","GA4 - SMS Subscribe","references_variable","variable","215","GA4 ID"
"tag","288","GA4 - SMS Subscribe","references_trigger","trigger","113","Event - subscribe - phone"
"tag","290","GA4 - Begin Checkout","references_variable","variable","28","dlv - Global - Currency Code"
"tag","290","GA4 - Begin Checkout","references_variable","variable","48","dlv - Cart Total"
"tag","290","GA4 - Begin Checkout","references_variable","variable","215","GA4 ID"
"tag","290","GA4 - Begin Checkout","references_variable","variable","273","js - GA4 - begin checkout"
"tag","290","GA4 - Begin Checkout","references_trigger","trigger","169","Event - begin_checkout"
"tag","292","GA4 - View Cart","references_variable","variable","28","dlv - Global - Currency Code"
"tag","292","GA4 - View Cart","references_variable","variable","48","dlv - Cart Total"
"tag","292","GA4 - View Cart","references_variable","variable","215","GA4 ID"
"tag","292","GA4 - View Cart","references_variable","variable","291","js - GA4 - view cart"
"tag","292","GA4 - View Cart","references_trigger","trigger","45","Event - view_cart"
"tag","293","GA4 - Collection View","references_variable","variable","215","GA4 ID"
"tag","293","GA4 - Collection View","references_variable","variable","289","js - GA4 - view item list"
"tag","293","GA4 - Collection View","references_trigger","trigger","35","Event - view_item_list"
"tag","293","GA4 - Collection View","references_trigger","trigger","55","Event - view_search_results"
"tag","295","GA4 - Remove From Cart","references_variable","variable","28","dlv - Global - Currency Code"
"tag","295","GA4 - Remove From Cart","references_variable","variable","215","GA4 ID"
"tag","295","GA4 - Remove From Cart","references_variable","variable","272","js - GA4 - remove from cart"
"tag","295","GA4 - Remove From Cart","references_variable","variable","284","js - Remove From Cart Value"
"tag","295","GA4 - Remove From Cart","references_trigger","trigger","294","Event - remove_from_cart"
"tag","297","GA4 - Add Shipping Info","references_variable","variable","28","dlv - Global - Currency Code"
"tag","297","GA4 - Add Shipping Info","references_variable","variable","48","dlv - Cart Total"
"tag","297","GA4 - Add Shipping Info","references_variable","variable","215","GA4 ID"
"tag","297","GA4 - Add Shipping Info","references_variable","variable","273","js - GA4 - begin checkout"
"tag","297","GA4 - Add Shipping Info","references_trigger","trigger","296","Event - add_shipping_info"
"tag","298","GA4 - Email Subscribe","references_variable","variable","215","GA4 ID"
"tag","298","GA4 - Email Subscribe","references_trigger","trigger","90","Event - subscribe - email"
"tag","299","GA4 - Item View","references_variable","variable","28","dlv - Global - Currency Code"
"tag","299","GA4 - Item View","references_variable","variable","70","dlv - Product View - Price"
"tag","299","GA4 - Item View","references_variable","variable","215","GA4 ID"
"tag","299","GA4 - Item View","references_variable","variable","281","js - GA4 - view item"
"tag","299","GA4 - Item View","references_trigger","trigger","64","Event - view_item"
"tag","302","GA4 - Purchase","references_variable","variable","22","dlv - Thank You Page - Order Revenue"
"tag","302","GA4 - Purchase","references_variable","variable","28","dlv - Global - Currency Code"
"tag","302","GA4 - Purchase","references_variable","variable","92","dlv - Thank You Page - Coupon Code Name"
"tag","302","GA4 - Purchase","references_variable","variable","109","dlv - Thank You Page - Shipping"
"tag","302","GA4 - Purchase","references_variable","variable","114","dlv - Thank You Page - Tax"
"tag","302","GA4 - Purchase","references_variable","variable","125","dlv - Thank You Page - Customer ID"
"tag","302","GA4 - Purchase","references_variable","variable","215","GA4 ID"
"tag","302","GA4 - Purchase","references_variable","variable","287","GA4 - transaction identifier"
"tag","302","GA4 - Purchase","references_variable","variable","301","js - GA4 - purchase"
"tag","302","GA4 - Purchase","references_trigger","trigger","62","Event - dl_purchase"
"tag","304","GA4 - Sign Up For Account","references_variable","variable","215","GA4 ID"
"tag","304","GA4 - Sign Up For Account","references_trigger","trigger","87","Event - sign_up"
"tag","305","GA4 - Add to Cart","references_variable","variable","28","dlv - Global - Currency Code"
"tag","305","GA4 - Add to Cart","references_variable","variable","215","GA4 ID"
"tag","305","GA4 - Add to Cart","references_variable","variable","300","js - Add To Cart Value"
"tag","305","GA4 - Add to Cart","references_variable","variable","303","js - GA4 - add to cart"
"tag","305","GA4 - Add to Cart","references_trigger","trigger","36","Event - add_to_cart"
"tag","312","Google Ads - Enhanced Conversions - Phone","references_variable","variable","24","Google Ads - Conversion ID - 874796722"
"tag","312","Google Ads - Enhanced Conversions - Phone","references_variable","variable","77","Enhanced Conversion Data"
"tag","312","Google Ads - Enhanced Conversions - Phone","references_trigger","trigger","310","All Events - Phone Defined"
"tag","313","Google Ads - Enhanced Conversions - Email","references_variable","variable","24","Google Ads - Conversion ID - 874796722"
"tag","313","Google Ads - Enhanced Conversions - Email","references_variable","variable","77","Enhanced Conversion Data"
"tag","313","Google Ads - Enhanced Conversions - Email","references_trigger","trigger","311","All Events - Email Defined"
"tag","442","*Update After Import* GA4 Event - Youtube Videos","references_trigger","trigger","441","Youtube Video"
"tag","68","Google Ads Remarketing - View Item List","references_elevar_entity","trigger","35","Event - view_item_list"
"tag","105","Pinterest - View Category","references_elevar_entity","trigger","35","Event - view_item_list"
"tag","148","TikTok - Collection View","references_elevar_entity","trigger","35","Event - view_item_list"
"tag","206","Facebook - View Category","references_elevar_entity","trigger","35","Event - view_item_list"
"tag","293","GA4 - Collection View","references_elevar_entity","trigger","35","Event - view_item_list"
"tag","44","Google Ads Remarketing - Add to Cart","references_elevar_entity","trigger","36","Event - add_to_cart"
"tag","128","Pinterest - Add to Cart","references_elevar_entity","trigger","36","Event - add_to_cart"
"tag","157","TikTok - Add to Cart","references_elevar_entity","trigger","36","Event - add_to_cart"
"tag","203","Facebook - Add to Cart","references_elevar_entity","trigger","36","Event - add_to_cart"
"tag","305","GA4 - Add to Cart","references_elevar_entity","trigger","36","Event - add_to_cart"
"tag","610","StackAdapt - Add to Cart","references_elevar_entity","trigger","36","Event - add_to_cart"
"tag","49","Google Ads Remarketing - Cart Page","references_elevar_entity","trigger","45","Event - view_cart"
"tag","292","GA4 - View Cart","references_elevar_entity","trigger","45","Event - view_cart"
"tag","58","Google Ads Remarketing - Search Results","references_elevar_entity","trigger","55","Event - view_search_results"
"tag","103","Pinterest - Search","references_elevar_entity","trigger","55","Event - view_search_results"
"tag","168","TikTok - Search","references_elevar_entity","trigger","55","Event - view_search_results"
"tag","199","Facebook - Search","references_elevar_entity","trigger","55","Event - view_search_results"
"tag","269","GA4 - Search","references_elevar_entity","trigger","55","Event - view_search_results"
"tag","293","GA4 - Collection View","references_elevar_entity","trigger","55","Event - view_search_results"
"tag","81","Google Ads Remarketing - Pageview","references_elevar_entity","trigger","59","All Pages - Window Loaded"
"tag","98","Elevar Monitoring Core Tag","references_elevar_entity","trigger","59","All Pages - Window Loaded"
"tag","78","Google Ads Conversion - Purchase","references_elevar_entity","trigger","62","Event - dl_purchase"
"tag","80","Google Ads Remarketing - Purchase","references_elevar_entity","trigger","62","Event - dl_purchase"
"tag","107","Pinterest - Transaction","references_elevar_entity","trigger","62","Event - dl_purchase"
"tag","154","TikTok - Purchase (Complete Payment)","references_elevar_entity","trigger","62","Event - dl_purchase"
"tag","161","TikTok - Place An Order","references_elevar_entity","trigger","62","Event - dl_purchase"
"tag","302","GA4 - Purchase","references_elevar_entity","trigger","62","Event - dl_purchase"
"tag","409","BloomReach - Purchase (Conversion Page)","references_elevar_entity","trigger","62","Event - dl_purchase"
"tag","609","StackAdapt - Purchase","references_elevar_entity","trigger","62","Event - dl_purchase"
"tag","71","Google Ads Remarketing - View Item","references_elevar_entity","trigger","64","Event - view_item"
"tag","127","Pinterest - Product Detail View","references_elevar_entity","trigger","64","Event - view_item"
"tag","155","TikTok - Product View","references_elevar_entity","trigger","64","Event - view_item"
"tag","205","Facebook - Product View","references_elevar_entity","trigger","64","Event - view_item"
"tag","299","GA4 - Item View","references_elevar_entity","trigger","64","Event - view_item"
"tag","412","BloomReach - Product Page (Event)","references_elevar_entity","trigger","64","Event - view_item"
"tag","611","StackAdapt - View Item","references_elevar_entity","trigger","64","Event - view_item"
"tag","88","Pinterest - Account Sign Up","references_elevar_entity","trigger","87","Event - sign_up"
"tag","174","TikTok - Account Sign Up","references_elevar_entity","trigger","87","Event - sign_up"
"tag","198","Facebook - Account Sign Up","references_elevar_entity","trigger","87","Event - sign_up"
"tag","304","GA4 - Sign Up For Account","references_elevar_entity","trigger","87","Event - sign_up"
"trigger","90","Event - subscribe - email","references_variable","variable","89","dlv - Subscribe - Lead Type"
"tag","111","Pinterest - Lead","references_elevar_entity","trigger","90","Event - subscribe - email"
"tag","171","TikTok - Email Signup","references_elevar_entity","trigger","90","Event - subscribe - email"
"tag","207","Facebook - Email Signup","references_elevar_entity","trigger","90","Event - subscribe - email"
"tag","298","GA4 - Email Subscribe","references_elevar_entity","trigger","90","Event - subscribe - email"
"tag","121","Elevar Monitoring Tag Info","references_elevar_entity","trigger","108","All Events"
"trigger","113","Event - subscribe - phone","references_variable","variable","89","dlv - Subscribe - Lead Type"
"tag","180","Facebook - SMS Signup","references_elevar_entity","trigger","113","Event - subscribe - phone"
"tag","288","GA4 - SMS Subscribe","references_elevar_entity","trigger","113","Event - subscribe - phone"
"tag","124","Pinterest - Pageview","references_elevar_entity","trigger","120","Event - user_data"
"tag","179","Facebook - Sitewide Pixel","references_elevar_entity","trigger","120","Event - user_data"
"tag","286","GA4 Base Tag Configuration","references_elevar_entity","trigger","120","Event - user_data"
"tag","606","StackAdapt - Page View (SPA)","references_elevar_entity","trigger","120","Event - user_data"
"tag","124","Pinterest - Pageview","references_elevar_entity","trigger","123","Exception - Product Pages"
"trigger","159","Event - subscription purchase","references_variable","variable","158","js - Has Subscription Purchase"
"tag","160","TikTok - Subscription Purchase","references_elevar_entity","trigger","159","Event - subscription purchase"
"tag","193","Facebook - Subscribe","references_elevar_entity","trigger","159","Event - subscription purchase"
"tag","164","TikTok - Add Payment Info","references_elevar_entity","trigger","162","Event - add_payment_info"
"tag","201","Facebook - Add Payment Info","references_elevar_entity","trigger","162","Event - add_payment_info"
"tag","274","GA4 - Add Payment Info","references_elevar_entity","trigger","162","Event - add_payment_info"
"tag","170","TikTok - Initiate Checkout","references_elevar_entity","trigger","169","Event - begin_checkout"
"tag","204","Facebook - Initiate Checkout","references_elevar_entity","trigger","169","Event - begin_checkout"
"tag","290","GA4 - Begin Checkout","references_elevar_entity","trigger","169","Event - begin_checkout"
"tag","179","Facebook - Sitewide Pixel","references_elevar_entity","trigger","178","Exception Event - Purchase Thank You Page"
"tag","182","Facebook - Store event_id","references_elevar_entity","trigger","181","Event - user_data - Thank You Page"
"tag","221","GA4 Event - collection page - product lists click","references_elevar_entity","trigger","220","Click - GA4 Event - collection page - product lists click"
"tag","223","GA4 Event - home page - featured collection click","references_elevar_entity","trigger","222","Click - GA4 Event - home page - featured collection click"
"tag","261","GA4 Event - home page - featured category click","references_elevar_entity","trigger","224","Click - GA4 Event - home page - featured category click"
"tag","263","GA4 Event - navigation - announcement header click","references_elevar_entity","trigger","225","Click - GA4 Event - navigation - announcement header click"
"tag","227","GA4 Event - navigation - footer nav click","references_elevar_entity","trigger","226","Click - GA4 Event - navigation - footer nav click"
"tag","229","GA4 Event - product page - add to cart click","references_elevar_entity","trigger","228","Click - GA4 Event - product page - add to cart click"
"tag","231","GA4 Event - recommended products click","references_elevar_entity","trigger","230","Click - GA4 Event - recommended products click"
"tag","233","GA4 Event - home page - shop onesies click","references_elevar_entity","trigger","232","Click - GA4 Event - home page - shop onesies click"
"tag","264","GA4 Event - home page - instagram feed interaction click","references_elevar_entity","trigger","234","Click - GA4 Event - home page - instagram feed interaction click"
"tag","237","GA4 Event - home page - featured products click","references_elevar_entity","trigger","235","Click - GA4 Event - home page - featured products click"
"tag","237","GA4 Event - home page - featured products click","references_elevar_entity","trigger","236","Click - GA4 Event - home page - featured products 2 click"
"trigger","238","Click - GA4 Event - cart drawer - upsell products click","references_variable","variable","300","js - Add To Cart Value"
"tag","239","GA4 Event - cart drawer - upsell products click","references_elevar_entity","trigger","238","Click - GA4 Event - cart drawer - upsell products click"
"tag","265","GA4 Event - home page - shop outfit section click","references_elevar_entity","trigger","240","Click - GA4 Event - home page - shop outfit section click"
"tag","250","GA4 Event - navigation - desktop main nav click","references_elevar_entity","trigger","241","Click - GA4 Event - navigation - desktop main nav 2 click"
"tag","259","GA4 Event - cart drawer - checkout click","references_elevar_entity","trigger","242","Click - GA4 Event - cart drawer - checkout click"
"tag","250","GA4 Event - navigation - desktop main nav click","references_elevar_entity","trigger","243","Click - GA4 Event - navigation - desktop main nav click"
"tag","251","GA4 Event - product page - hot seller products click","references_elevar_entity","trigger","244","Click - GA4 Event - product page - hot seller products click"
"tag","248","GA4 Event - home page - deal of the week click","references_elevar_entity","trigger","245","Click - GA4 Event - home page - deal of the week click"
"tag","247","GA4 Event - global feature - quickshop atc button click","references_elevar_entity","trigger","246","Click - GA4 Event - global feature - quickshop atc button click"
"tag","256","GA4 Event - home page - hero image button click","references_elevar_entity","trigger","249","Click - GA4 Event - home page - hero image button click"
"tag","253","GA4 Event - navigation - mobile main nav click","references_elevar_entity","trigger","252","Click - GA4 Event - navigation - mobile main nav click"
"tag","255","GA4 Event - collection page - colletion filter click","references_elevar_entity","trigger","254","Click - GA4 Event - collection page - colletion filter click"
"tag","262","GA4 Event - global feature - quickshop variant option click","references_elevar_entity","trigger","257","Click - GA4 Event - global feature - quickshop variant option click"
"tag","260","GA4 Event - product page - product variants click","references_elevar_entity","trigger","258","Click - GA4 Event - product page - product variants click"
"tag","278","GA4 - Click Item From Collection Page","references_elevar_entity","trigger","275","Event - select_item"
"tag","280","GA4 - Login","references_elevar_entity","trigger","279","Event - login"
"tag","295","GA4 - Remove From Cart","references_elevar_entity","trigger","294","Event - remove_from_cart"
"tag","297","GA4 - Add Shipping Info","references_elevar_entity","trigger","296","Event - add_shipping_info"
"trigger","310","All Events - Phone Defined","references_variable","variable","72","dlv - Thank You Page - Customer Phone Number"
"tag","312","Google Ads - Enhanced Conversions - Phone","references_elevar_entity","trigger","310","All Events - Phone Defined"
"trigger","311","All Events - Email Defined","references_variable","variable","84","dlv - Customer Email"
"tag","313","Google Ads - Enhanced Conversions - Email","references_elevar_entity","trigger","311","All Events - Email Defined"
"tag","442","*Update After Import* GA4 Event - Youtube Videos","references_elevar_entity","trigger","441","Youtube Video"
"tag","210","Facebook - Purchase","references_elevar_entity","trigger","480","Event - purchase"
"trigger","568","BR - dl_add_to_cart - filtered","references_variable","variable","39","dlv - Add to Cart - Product ID"
"tag","379","BloomReach - Add To Cart","references_elevar_entity","trigger","568","BR - dl_add_to_cart - filtered"
"tag","78","Google Ads Conversion - Purchase","references_elevar_entity","variable","22","dlv - Thank You Page - Order Revenue"
"tag","80","Google Ads Remarketing - Purchase","references_elevar_entity","variable","22","dlv - Thank You Page - Order Revenue"
"tag","107","Pinterest - Transaction","references_elevar_entity","variable","22","dlv - Thank You Page - Order Revenue"
"tag","302","GA4 - Purchase","references_elevar_entity","variable","22","dlv - Thank You Page - Order Revenue"
"variable","520","js - TikTok Purchase Value (cleaned)","references_elevar_entity","variable","22","dlv - Thank You Page - Order Revenue"
"tag","412","BloomReach - Product Page (Event)","references_elevar_entity","variable","26","dlv - Product View - SKU"
"variable","371","BloomReach Product SKU","references_elevar_entity","variable","26","dlv - Product View - SKU"
"tag","78","Google Ads Conversion - Purchase","references_elevar_entity","variable","28","dlv - Global - Currency Code"
"tag","107","Pinterest - Transaction","references_elevar_entity","variable","28","dlv - Global - Currency Code"
"tag","127","Pinterest - Product Detail View","references_elevar_entity","variable","28","dlv - Global - Currency Code"
"tag","128","Pinterest - Add to Cart","references_elevar_entity","variable","28","dlv - Global - Currency Code"
"tag","148","TikTok - Collection View","references_elevar_entity","variable","28","dlv - Global - Currency Code"
"tag","154","TikTok - Purchase (Complete Payment)","references_elevar_entity","variable","28","dlv - Global - Currency Code"
"tag","155","TikTok - Product View","references_elevar_entity","variable","28","dlv - Global - Currency Code"
"tag","157","TikTok - Add to Cart","references_elevar_entity","variable","28","dlv - Global - Currency Code"
"tag","160","TikTok - Subscription Purchase","references_elevar_entity","variable","28","dlv - Global - Currency Code"
"tag","161","TikTok - Place An Order","references_elevar_entity","variable","28","dlv - Global - Currency Code"
"tag","164","TikTok - Add Payment Info","references_elevar_entity","variable","28","dlv - Global - Currency Code"
"tag","170","TikTok - Initiate Checkout","references_elevar_entity","variable","28","dlv - Global - Currency Code"
"tag","171","TikTok - Email Signup","references_elevar_entity","variable","28","dlv - Global - Currency Code"
"tag","174","TikTok - Account Sign Up","references_elevar_entity","variable","28","dlv - Global - Currency Code"
"tag","193","Facebook - Subscribe","references_elevar_entity","variable","28","dlv - Global - Currency Code"
"tag","199","Facebook - Search","references_elevar_entity","variable","28","dlv - Global - Currency Code"
"tag","201","Facebook - Add Payment Info","references_elevar_entity","variable","28","dlv - Global - Currency Code"
"tag","203","Facebook - Add to Cart","references_elevar_entity","variable","28","dlv - Global - Currency Code"
"tag","204","Facebook - Initiate Checkout","references_elevar_entity","variable","28","dlv - Global - Currency Code"
"tag","205","Facebook - Product View","references_elevar_entity","variable","28","dlv - Global - Currency Code"
"tag","206","Facebook - View Category","references_elevar_entity","variable","28","dlv - Global - Currency Code"
"tag","210","Facebook - Purchase","references_elevar_entity","variable","28","dlv - Global - Currency Code"
"tag","274","GA4 - Add Payment Info","references_elevar_entity","variable","28","dlv - Global - Currency Code"
"tag","290","GA4 - Begin Checkout","references_elevar_entity","variable","28","dlv - Global - Currency Code"
"tag","292","GA4 - View Cart","references_elevar_entity","variable","28","dlv - Global - Currency Code"
"tag","295","GA4 - Remove From Cart","references_elevar_entity","variable","28","dlv - Global - Currency Code"
"tag","297","GA4 - Add Shipping Info","references_elevar_entity","variable","28","dlv - Global - Currency Code"
"tag","299","GA4 - Item View","references_elevar_entity","variable","28","dlv - Global - Currency Code"
"tag","302","GA4 - Purchase","references_elevar_entity","variable","28","dlv - Global - Currency Code"
"tag","305","GA4 - Add to Cart","references_elevar_entity","variable","28","dlv - Global - Currency Code"
"tag","412","BloomReach - Product Page (Event)","references_elevar_entity","variable","29","dlv - Product View - Product ID"
"variable","399","BloomReach Product ID","references_elevar_entity","variable","29","dlv - Product View - Product ID"
"tag","81","Google Ads Remarketing - Pageview","references_elevar_entity","variable","30","regex - Page Type"
"tag","155","TikTok - Product View","references_elevar_entity","variable","31","dlv - Product View - Details Array"
"tag","205","Facebook - Product View","references_elevar_entity","variable","31","dlv - Product View - Details Array"
"variable","33","js - Google Ads - Product View - Shopify ID","references_elevar_entity","variable","31","dlv - Product View - Details Array"
"variable","119","js - Product View - Pinterest line items","references_elevar_entity","variable","31","dlv - Product View - Details Array"
"variable","196","js - Facebook - Contents - Product View","references_elevar_entity","variable","31","dlv - Product View - Details Array"
"variable","281","js - GA4 - view item","references_elevar_entity","variable","31","dlv - Product View - Details Array"
"variable","33","js - Google Ads - Product View - Shopify ID","references_variable","variable","31","dlv - Product View - Details Array"
"tag","71","Google Ads Remarketing - View Item","references_elevar_entity","variable","33","js - Google Ads - Product View - Shopify ID"
"tag","157","TikTok - Add to Cart","references_elevar_entity","variable","37","dlv - Add to Cart - Add Array"
"tag","203","Facebook - Add to Cart","references_elevar_entity","variable","37","dlv - Add to Cart - Add Array"
"variable","38","js - Google Ads - Add to Cart - Shopify ID","references_elevar_entity","variable","37","dlv - Add to Cart - Add Array"
"variable","115","js - Add To Cart - Pinterest line items","references_elevar_entity","variable","37","dlv - Add to Cart - Add Array"
"variable","202","js - Facebook - Contents - Add to Cart","references_elevar_entity","variable","37","dlv - Add to Cart - Add Array"
"variable","303","js - GA4 - add to cart","references_elevar_entity","variable","37","dlv - Add to Cart - Add Array"
"variable","38","js - Google Ads - Add to Cart - Shopify ID","references_variable","variable","37","dlv - Add to Cart - Add Array"
"tag","44","Google Ads Remarketing - Add to Cart","references_elevar_entity","variable","38","js - Google Ads - Add to Cart - Shopify ID"
"tag","379","BloomReach - Add To Cart","references_elevar_entity","variable","39","dlv - Add to Cart - Product ID"
"trigger","568","BR - dl_add_to_cart - filtered","references_elevar_entity","variable","39","dlv - Add to Cart - Product ID"
"variable","378","BloomReach Cart Data","references_elevar_entity","variable","39","dlv - Add to Cart - Product ID"
"tag","44","Google Ads Remarketing - Add to Cart","references_elevar_entity","variable","40","dlv - Customer ID"
"tag","49","Google Ads Remarketing - Cart Page","references_elevar_entity","variable","40","dlv - Customer ID"
"tag","58","Google Ads Remarketing - Search Results","references_elevar_entity","variable","40","dlv - Customer ID"
"tag","68","Google Ads Remarketing - View Item List","references_elevar_entity","variable","40","dlv - Customer ID"
"tag","71","Google Ads Remarketing - View Item","references_elevar_entity","variable","40","dlv - Customer ID"
"tag","80","Google Ads Remarketing - Purchase","references_elevar_entity","variable","40","dlv - Customer ID"
"tag","81","Google Ads Remarketing - Pageview","references_elevar_entity","variable","40","dlv - Customer ID"
"tag","148","TikTok - Collection View","references_elevar_entity","variable","40","dlv - Customer ID"
"tag","155","TikTok - Product View","references_elevar_entity","variable","40","dlv - Customer ID"
"tag","157","TikTok - Add to Cart","references_elevar_entity","variable","40","dlv - Customer ID"
"tag","164","TikTok - Add Payment Info","references_elevar_entity","variable","40","dlv - Customer ID"
"tag","168","TikTok - Search","references_elevar_entity","variable","40","dlv - Customer ID"
"tag","170","TikTok - Initiate Checkout","references_elevar_entity","variable","40","dlv - Customer ID"
"tag","171","TikTok - Email Signup","references_elevar_entity","variable","40","dlv - Customer ID"
"tag","174","TikTok - Account Sign Up","references_elevar_entity","variable","40","dlv - Customer ID"
"tag","44","Google Ads Remarketing - Add to Cart","references_elevar_entity","variable","41","dlv - Global - Visitor Type"
"tag","58","Google Ads Remarketing - Search Results","references_elevar_entity","variable","41","dlv - Global - Visitor Type"
"tag","68","Google Ads Remarketing - View Item List","references_elevar_entity","variable","41","dlv - Global - Visitor Type"
"tag","71","Google Ads Remarketing - View Item","references_elevar_entity","variable","41","dlv - Global - Visitor Type"
"tag","80","Google Ads Remarketing - Purchase","references_elevar_entity","variable","41","dlv - Global - Visitor Type"
"variable","285","GA4 Event Settings","references_elevar_entity","variable","41","dlv - Global - Visitor Type"
"tag","44","Google Ads Remarketing - Add to Cart","references_elevar_entity","variable","42","dlv - Add to Cart - Variant ID"
"tag","44","Google Ads Remarketing - Add to Cart","references_elevar_entity","variable","43","dlv - Add to Cart - Price"
"tag","128","Pinterest - Add to Cart","references_elevar_entity","variable","43","dlv - Add to Cart - Price"
"tag","157","TikTok - Add to Cart","references_elevar_entity","variable","43","dlv - Add to Cart - Price"
"tag","203","Facebook - Add to Cart","references_elevar_entity","variable","43","dlv - Add to Cart - Price"
"variable","156","js - TikTok AddToCart Value","references_elevar_entity","variable","43","dlv - Add to Cart - Price"
"variable","300","js - Add To Cart Value","references_elevar_entity","variable","43","dlv - Add to Cart - Price"
"variable","47","js - Google Ads - Cart Page - Shopify ID","references_elevar_entity","variable","46","dlv - ecommerce.impressions"
"variable","57","js - Google Ads - Collection Page - Shopify ID","references_elevar_entity","variable","46","dlv - ecommerce.impressions"
"variable","102","js - Collection - Pinterest line items","references_elevar_entity","variable","46","dlv - ecommerce.impressions"
"variable","184","js - Facebook - Contents - Impressions","references_elevar_entity","variable","46","dlv - ecommerce.impressions"
"variable","197","js - Facebook - Content_IDs - Impressions","references_elevar_entity","variable","46","dlv - ecommerce.impressions"
"variable","289","js - GA4 - view item list","references_elevar_entity","variable","46","dlv - ecommerce.impressions"
"variable","291","js - GA4 - view cart","references_elevar_entity","variable","46","dlv - ecommerce.impressions"
"variable","47","js - Google Ads - Cart Page - Shopify ID","references_variable","variable","46","dlv - ecommerce.impressions"
"tag","49","Google Ads Remarketing - Cart Page","references_elevar_entity","variable","47","js - Google Ads - Cart Page - Shopify ID"
"tag","49","Google Ads Remarketing - Cart Page","references_elevar_entity","variable","48","dlv - Cart Total"
"tag","164","TikTok - Add Payment Info","references_elevar_entity","variable","48","dlv - Cart Total"
"tag","170","TikTok - Initiate Checkout","references_elevar_entity","variable","48","dlv - Cart Total"
"tag","201","Facebook - Add Payment Info","references_elevar_entity","variable","48","dlv - Cart Total"
"tag","204","Facebook - Initiate Checkout","references_elevar_entity","variable","48","dlv - Cart Total"
"tag","274","GA4 - Add Payment Info","references_elevar_entity","variable","48","dlv - Cart Total"
"tag","290","GA4 - Begin Checkout","references_elevar_entity","variable","48","dlv - Cart Total"
"tag","292","GA4 - View Cart","references_elevar_entity","variable","48","dlv - Cart Total"
"tag","297","GA4 - Add Shipping Info","references_elevar_entity","variable","48","dlv - Cart Total"
"tag","161","TikTok - Place An Order","references_elevar_entity","variable","50","dlv - Thank You Page - Customer Email"
"tag","193","Facebook - Subscribe","references_elevar_entity","variable","50","dlv - Thank You Page - Customer Email"
"tag","210","Facebook - Purchase","references_elevar_entity","variable","50","dlv - Thank You Page - Customer Email"
"variable","505","js - TikTok Email (cleaned)","references_elevar_entity","variable","50","dlv - Thank You Page - Customer Email"
"tag","68","Google Ads Remarketing - View Item List","references_elevar_entity","variable","51","dlv - Collection View - Name"
"tag","193","Facebook - Subscribe","references_elevar_entity","variable","52","dlv - Thank You Page - Customer Country Code"
"tag","210","Facebook - Purchase","references_elevar_entity","variable","52","dlv - Thank You Page - Customer Country Code"
"variable","77","Enhanced Conversion Data","references_elevar_entity","variable","52","dlv - Thank You Page - Customer Country Code"
"tag","80","Google Ads Remarketing - Purchase","references_elevar_entity","variable","53","dlv - Thank You Page - Customer Total Order Count"
"variable","66","js - New Customer - True or False","references_elevar_entity","variable","53","dlv - Thank You Page - Customer Total Order Count"
"variable","190","js - Customer Type","references_elevar_entity","variable","53","dlv - Thank You Page - Customer Total Order Count"
"variable","79","js - Google Ads - Purchase - Shopify ID","references_elevar_entity","variable","54","dlv - Thank You Page - ecommerce.purchase.products"
"variable","82","js - Google Ads - Purchase Product Data","references_elevar_entity","variable","54","dlv - Thank You Page - ecommerce.purchase.products"
"variable","93","js - Thank You Page - Total Product Quantity","references_elevar_entity","variable","54","dlv - Thank You Page - ecommerce.purchase.products"
"variable","106","js - Thank You Page - Pinterest line items","references_elevar_entity","variable","54","dlv - Thank You Page - ecommerce.purchase.products"
"variable","122","js - Thank You Page - Product ID Array","references_elevar_entity","variable","54","dlv - Thank You Page - ecommerce.purchase.products"
"variable","153","js - TikTok Purchase Contents","references_elevar_entity","variable","54","dlv - Thank You Page - ecommerce.purchase.products"
"variable","158","js - Has Subscription Purchase","references_elevar_entity","variable","54","dlv - Thank You Page - ecommerce.purchase.products"
"variable","187","js - Facebook - Contents - Thank You Page","references_elevar_entity","variable","54","dlv - Thank You Page - ecommerce.purchase.products"
"variable","188","js - Facebook - Content_IDs - Thank You Page","references_elevar_entity","variable","54","dlv - Thank You Page - ecommerce.purchase.products"
"variable","301","js - GA4 - purchase","references_elevar_entity","variable","54","dlv - Thank You Page - ecommerce.purchase.products"
"variable","421","js - Thank You Page - BloomReach line items","references_elevar_entity","variable","54","dlv - Thank You Page - ecommerce.purchase.products"
"variable","476","js - Facebook - Content_Name - Thank You Page","references_elevar_entity","variable","54","dlv - Thank You Page - ecommerce.purchase.products"
"variable","477","js - Facebook - Content_Category - Thank You Page","references_elevar_entity","variable","54","dlv - Thank You Page - ecommerce.purchase.products"
"tag","58","Google Ads Remarketing - Search Results","references_elevar_entity","variable","56","url - Search - Search Term"
"tag","103","Pinterest - Search","references_elevar_entity","variable","56","url - Search - Search Term"
"tag","168","TikTok - Search","references_elevar_entity","variable","56","url - Search - Search Term"
"tag","199","Facebook - Search","references_elevar_entity","variable","56","url - Search - Search Term"
"tag","269","GA4 - Search","references_elevar_entity","variable","56","url - Search - Search Term"
"tag","389","BloomReach - Search Results Page","references_elevar_entity","variable","56","url - Search - Search Term"
"tag","425","BloomReach - Search Event","references_elevar_entity","variable","56","url - Search - Search Term"
"variable","57","js - Google Ads - Collection Page - Shopify ID","references_variable","variable","46","dlv - ecommerce.impressions"
"tag","58","Google Ads Remarketing - Search Results","references_elevar_entity","variable","57","js - Google Ads - Collection Page - Shopify ID"
"tag","68","Google Ads Remarketing - View Item List","references_elevar_entity","variable","57","js - Google Ads - Collection Page - Shopify ID"
"tag","379","BloomReach - Add To Cart","references_elevar_entity","variable","60","dlv - Add to Cart - SKU"
"variable","378","BloomReach Cart Data","references_elevar_entity","variable","60","dlv - Add to Cart - SKU"
"tag","71","Google Ads Remarketing - View Item","references_elevar_entity","variable","61","dlv - Product View - Variant ID"
"tag","193","Facebook - Subscribe","references_elevar_entity","variable","63","dlv - Thank You Page - Customer Zip"
"tag","210","Facebook - Purchase","references_elevar_entity","variable","63","dlv - Thank You Page - Customer Zip"
"variable","77","Enhanced Conversion Data","references_elevar_entity","variable","63","dlv - Thank You Page - Customer Zip"
"tag","193","Facebook - Subscribe","references_elevar_entity","variable","65","dlv - Thank You Page - Customer Last Name"
"tag","210","Facebook - Purchase","references_elevar_entity","variable","65","dlv - Thank You Page - Customer Last Name"
"variable","77","Enhanced Conversion Data","references_elevar_entity","variable","65","dlv - Thank You Page - Customer Last Name"
"variable","66","js - New Customer - True or False","references_variable","variable","53","dlv - Thank You Page - Customer Total Order Count"
"tag","78","Google Ads Conversion - Purchase","references_elevar_entity","variable","66","js - New Customer - True or False"
"tag","78","Google Ads Conversion - Purchase","references_elevar_entity","variable","67","dlv - Thank You Page - Customer Lifetime Value"
"tag","80","Google Ads Remarketing - Purchase","references_elevar_entity","variable","67","dlv - Thank You Page - Customer Lifetime Value"
"tag","78","Google Ads Conversion - Purchase","references_elevar_entity","variable","69","dlv - Thank You Page - Order ID"
"tag","107","Pinterest - Transaction","references_elevar_entity","variable","69","dlv - Thank You Page - Order ID"
"tag","154","TikTok - Purchase (Complete Payment)","references_elevar_entity","variable","69","dlv - Thank You Page - Order ID"
"tag","160","TikTok - Subscription Purchase","references_elevar_entity","variable","69","dlv - Thank You Page - Order ID"
"tag","161","TikTok - Place An Order","references_elevar_entity","variable","69","dlv - Thank You Page - Order ID"
"tag","193","Facebook - Subscribe","references_elevar_entity","variable","69","dlv - Thank You Page - Order ID"
"tag","210","Facebook - Purchase","references_elevar_entity","variable","69","dlv - Thank You Page - Order ID"
"tag","409","BloomReach - Purchase (Conversion Page)","references_elevar_entity","variable","69","dlv - Thank You Page - Order ID"
"variable","563","JS - TikTok Event ID","references_elevar_entity","variable","69","dlv - Thank You Page - Order ID"
"tag","71","Google Ads Remarketing - View Item","references_elevar_entity","variable","70","dlv - Product View - Price"
"tag","155","TikTok - Product View","references_elevar_entity","variable","70","dlv - Product View - Price"
"tag","205","Facebook - Product View","references_elevar_entity","variable","70","dlv - Product View - Price"
"tag","299","GA4 - Item View","references_elevar_entity","variable","70","dlv - Product View - Price"
"tag","161","TikTok - Place An Order","references_elevar_entity","variable","72","dlv - Thank You Page - Customer Phone Number"
"tag","193","Facebook - Subscribe","references_elevar_entity","variable","72","dlv - Thank You Page - Customer Phone Number"
"tag","210","Facebook - Purchase","references_elevar_entity","variable","72","dlv - Thank You Page - Customer Phone Number"
"trigger","310","All Events - Phone Defined","references_elevar_entity","variable","72","dlv - Thank You Page - Customer Phone Number"
"variable","77","Enhanced Conversion Data","references_elevar_entity","variable","72","dlv - Thank You Page - Customer Phone Number"
"variable","503","js - TikTok Phone (E164)","references_elevar_entity","variable","72","dlv - Thank You Page - Customer Phone Number"
"tag","193","Facebook - Subscribe","references_elevar_entity","variable","73","dlv - Thank You Page - Customer City"
"tag","210","Facebook - Purchase","references_elevar_entity","variable","73","dlv - Thank You Page - Customer City"
"variable","77","Enhanced Conversion Data","references_elevar_entity","variable","73","dlv - Thank You Page - Customer City"
"tag","193","Facebook - Subscribe","references_elevar_entity","variable","74","dlv - Thank You Page - Customer First Name"
"tag","210","Facebook - Purchase","references_elevar_entity","variable","74","dlv - Thank You Page - Customer First Name"
"variable","77","Enhanced Conversion Data","references_elevar_entity","variable","74","dlv - Thank You Page - Customer First Name"
"variable","77","Enhanced Conversion Data","references_elevar_entity","variable","75","dlv - Thank You Page - Customer Address 1"
"variable","77","Enhanced Conversion Data","references_elevar_entity","variable","76","dlv - Thank You Page - Customer State"
"variable","77","Enhanced Conversion Data","references_variable","variable","52","dlv - Thank You Page - Customer Country Code"
"variable","77","Enhanced Conversion Data","references_variable","variable","63","dlv - Thank You Page - Customer Zip"
"variable","77","Enhanced Conversion Data","references_variable","variable","65","dlv - Thank You Page - Customer Last Name"
"variable","77","Enhanced Conversion Data","references_variable","variable","72","dlv - Thank You Page - Customer Phone Number"
"variable","77","Enhanced Conversion Data","references_variable","variable","73","dlv - Thank You Page - Customer City"
"variable","77","Enhanced Conversion Data","references_variable","variable","74","dlv - Thank You Page - Customer First Name"
"variable","77","Enhanced Conversion Data","references_variable","variable","75","dlv - Thank You Page - Customer Address 1"
"variable","77","Enhanced Conversion Data","references_variable","variable","76","dlv - Thank You Page - Customer State"
"variable","77","Enhanced Conversion Data","references_variable","variable","84","dlv - Customer Email"
"tag","78","Google Ads Conversion - Purchase","references_elevar_entity","variable","77","Enhanced Conversion Data"
"tag","312","Google Ads - Enhanced Conversions - Phone","references_elevar_entity","variable","77","Enhanced Conversion Data"
"tag","313","Google Ads - Enhanced Conversions - Email","references_elevar_entity","variable","77","Enhanced Conversion Data"
"variable","79","js - Google Ads - Purchase - Shopify ID","references_variable","variable","54","dlv - Thank You Page - ecommerce.purchase.products"
"tag","80","Google Ads Remarketing - Purchase","references_elevar_entity","variable","79","js - Google Ads - Purchase - Shopify ID"
"variable","82","js - Google Ads - Purchase Product Data","references_variable","variable","54","dlv - Thank You Page - ecommerce.purchase.products"
"tag","78","Google Ads Conversion - Purchase","references_elevar_entity","variable","82","js - Google Ads - Purchase Product Data"
"tag","88","Pinterest - Account Sign Up","references_elevar_entity","variable","83","dlv - event_id"
"tag","103","Pinterest - Search","references_elevar_entity","variable","83","dlv - event_id"
"tag","105","Pinterest - View Category","references_elevar_entity","variable","83","dlv - event_id"
"tag","111","Pinterest - Lead","references_elevar_entity","variable","83","dlv - event_id"
"tag","124","Pinterest - Pageview","references_elevar_entity","variable","83","dlv - event_id"
"tag","127","Pinterest - Product Detail View","references_elevar_entity","variable","83","dlv - event_id"
"tag","128","Pinterest - Add to Cart","references_elevar_entity","variable","83","dlv - event_id"
"tag","148","TikTok - Collection View","references_elevar_entity","variable","83","dlv - event_id"
"tag","155","TikTok - Product View","references_elevar_entity","variable","83","dlv - event_id"
"tag","157","TikTok - Add to Cart","references_elevar_entity","variable","83","dlv - event_id"
"tag","164","TikTok - Add Payment Info","references_elevar_entity","variable","83","dlv - event_id"
"tag","168","TikTok - Search","references_elevar_entity","variable","83","dlv - event_id"
"tag","170","TikTok - Initiate Checkout","references_elevar_entity","variable","83","dlv - event_id"
"tag","171","TikTok - Email Signup","references_elevar_entity","variable","83","dlv - event_id"
"tag","174","TikTok - Account Sign Up","references_elevar_entity","variable","83","dlv - event_id"
"tag","179","Facebook - Sitewide Pixel","references_elevar_entity","variable","83","dlv - event_id"
"tag","180","Facebook - SMS Signup","references_elevar_entity","variable","83","dlv - event_id"
"tag","182","Facebook - Store event_id","references_elevar_entity","variable","83","dlv - event_id"
"tag","198","Facebook - Account Sign Up","references_elevar_entity","variable","83","dlv - event_id"
"tag","199","Facebook - Search","references_elevar_entity","variable","83","dlv - event_id"
"tag","201","Facebook - Add Payment Info","references_elevar_entity","variable","83","dlv - event_id"
"tag","203","Facebook - Add to Cart","references_elevar_entity","variable","83","dlv - event_id"
"tag","204","Facebook - Initiate Checkout","references_elevar_entity","variable","83","dlv - event_id"
"tag","205","Facebook - Product View","references_elevar_entity","variable","83","dlv - event_id"
"tag","206","Facebook - View Category","references_elevar_entity","variable","83","dlv - event_id"
"tag","207","Facebook - Email Signup","references_elevar_entity","variable","83","dlv - event_id"
"variable","563","JS - TikTok Event ID","references_elevar_entity","variable","83","dlv - event_id"
"tag","88","Pinterest - Account Sign Up","references_elevar_entity","variable","84","dlv - Customer Email"
"tag","103","Pinterest - Search","references_elevar_entity","variable","84","dlv - Customer Email"
"tag","105","Pinterest - View Category","references_elevar_entity","variable","84","dlv - Customer Email"
"tag","107","Pinterest - Transaction","references_elevar_entity","variable","84","dlv - Customer Email"
"tag","111","Pinterest - Lead","references_elevar_entity","variable","84","dlv - Customer Email"
"tag","124","Pinterest - Pageview","references_elevar_entity","variable","84","dlv - Customer Email"
"tag","127","Pinterest - Product Detail View","references_elevar_entity","variable","84","dlv - Customer Email"
"tag","128","Pinterest - Add to Cart","references_elevar_entity","variable","84","dlv - Customer Email"
"tag","131","Pinterest - Base Tag","references_elevar_entity","variable","84","dlv - Customer Email"
"tag","168","TikTok - Search","references_elevar_entity","variable","84","dlv - Customer Email"
"trigger","311","All Events - Email Defined","references_elevar_entity","variable","84","dlv - Customer Email"
"variable","77","Enhanced Conversion Data","references_elevar_entity","variable","84","dlv - Customer Email"
"variable","505","js - TikTok Email (cleaned)","references_elevar_entity","variable","84","dlv - Customer Email"
"tag","88","Pinterest - Account Sign Up","references_elevar_entity","variable","86","Pinterest ID"
"tag","103","Pinterest - Search","references_elevar_entity","variable","86","Pinterest ID"
"tag","105","Pinterest - View Category","references_elevar_entity","variable","86","Pinterest ID"
"tag","107","Pinterest - Transaction","references_elevar_entity","variable","86","Pinterest ID"
"tag","111","Pinterest - Lead","references_elevar_entity","variable","86","Pinterest ID"
"tag","124","Pinterest - Pageview","references_elevar_entity","variable","86","Pinterest ID"
"tag","127","Pinterest - Product Detail View","references_elevar_entity","variable","86","Pinterest ID"
"tag","128","Pinterest - Add to Cart","references_elevar_entity","variable","86","Pinterest ID"
"tag","131","Pinterest - Base Tag","references_elevar_entity","variable","86","Pinterest ID"
"trigger","90","Event - subscribe - email","references_elevar_entity","variable","89","dlv - Subscribe - Lead Type"
"trigger","113","Event - subscribe - phone","references_elevar_entity","variable","89","dlv - Subscribe - Lead Type"
"variable","94","js - Checkout Page - SKUs","references_elevar_entity","variable","91","dlv - ecommerce.checkout.products"
"variable","163","js - TikTok Checkout Contents","references_elevar_entity","variable","91","dlv - ecommerce.checkout.products"
"variable","195","js - Facebook - Contents - Checkout Page","references_elevar_entity","variable","91","dlv - ecommerce.checkout.products"
"variable","200","js - Facebook - Content_IDs - Checkout Page","references_elevar_entity","variable","91","dlv - ecommerce.checkout.products"
"variable","273","js - GA4 - begin checkout","references_elevar_entity","variable","91","dlv - ecommerce.checkout.products"
"variable","478","js - Facebook - Content_Category - Checkout Page","references_elevar_entity","variable","91","dlv - ecommerce.checkout.products"
"variable","479","js - Facebook - Content_Name - Checkout Page","references_elevar_entity","variable","91","dlv - ecommerce.checkout.products"
"tag","302","GA4 - Purchase","references_elevar_entity","variable","92","dlv - Thank You Page - Coupon Code Name"
"variable","93","js - Thank You Page - Total Product Quantity","references_variable","variable","54","dlv - Thank You Page - ecommerce.purchase.products"
"tag","107","Pinterest - Transaction","references_elevar_entity","variable","93","js - Thank You Page - Total Product Quantity"
"variable","94","js - Checkout Page - SKUs","references_variable","variable","91","dlv - ecommerce.checkout.products"
"variable","102","js - Collection - Pinterest line items","references_variable","variable","46","dlv - ecommerce.impressions"
"tag","103","Pinterest - Search","references_elevar_entity","variable","102","js - Collection - Pinterest line items"
"tag","105","Pinterest - View Category","references_elevar_entity","variable","102","js - Collection - Pinterest line items"
"tag","105","Pinterest - View Category","references_elevar_entity","variable","104","DOM - Page Title"
"tag","148","TikTok - Collection View","references_elevar_entity","variable","104","DOM - Page Title"
"tag","389","BloomReach - Search Results Page","references_elevar_entity","variable","104","DOM - Page Title"
"tag","409","BloomReach - Purchase (Conversion Page)","references_elevar_entity","variable","104","DOM - Page Title"
"tag","412","BloomReach - Product Page (Event)","references_elevar_entity","variable","104","DOM - Page Title"
"tag","417","BloomReach - Category Page","references_elevar_entity","variable","104","DOM - Page Title"
"tag","418","BloomReach - Content Page (Blog, Article, Pages)","references_elevar_entity","variable","104","DOM - Page Title"
"tag","424","BloomReach - Home Page","references_elevar_entity","variable","104","DOM - Page Title"
"variable","106","js - Thank You Page - Pinterest line items","references_variable","variable","54","dlv - Thank You Page - ecommerce.purchase.products"
"tag","107","Pinterest - Transaction","references_elevar_entity","variable","106","js - Thank You Page - Pinterest line items"
"tag","302","GA4 - Purchase","references_elevar_entity","variable","109","dlv - Thank You Page - Shipping"
"tag","409","BloomReach - Purchase (Conversion Page)","references_elevar_entity","variable","112","dlv - Thank You Page - Order Subtotal"
"tag","302","GA4 - Purchase","references_elevar_entity","variable","114","dlv - Thank You Page - Tax"
"variable","115","js - Add To Cart - Pinterest line items","references_variable","variable","37","dlv - Add to Cart - Add Array"
"tag","128","Pinterest - Add to Cart","references_elevar_entity","variable","115","js - Add To Cart - Pinterest line items"
"tag","128","Pinterest - Add to Cart","references_elevar_entity","variable","116","dlv - Add to Cart - Quantity"
"tag","157","TikTok - Add to Cart","references_elevar_entity","variable","116","dlv - Add to Cart - Quantity"
"variable","156","js - TikTok AddToCart Value","references_elevar_entity","variable","116","dlv - Add to Cart - Quantity"
"variable","300","js - Add To Cart Value","references_elevar_entity","variable","116","dlv - Add to Cart - Quantity"
"tag","157","TikTok - Add to Cart","references_elevar_entity","variable","117","dlv - Add to Cart - Category"
"tag","203","Facebook - Add to Cart","references_elevar_entity","variable","117","dlv - Add to Cart - Category"
"tag","379","BloomReach - Add To Cart","references_elevar_entity","variable","117","dlv - Add to Cart - Category"
"variable","378","BloomReach Cart Data","references_elevar_entity","variable","117","dlv - Add to Cart - Category"
"variable","553","BloomReach Cart Data_import_1","references_elevar_entity","variable","117","dlv - Add to Cart - Category"
"tag","78","Google Ads Conversion - Purchase","references_elevar_entity","variable","118","dlv - Thank You Page - Discount Amount"
"variable","119","js - Product View - Pinterest line items","references_variable","variable","31","dlv - Product View - Details Array"
"tag","127","Pinterest - Product Detail View","references_elevar_entity","variable","119","js - Product View - Pinterest line items"
"variable","122","js - Thank You Page - Product ID Array","references_variable","variable","54","dlv - Thank You Page - ecommerce.purchase.products"
"tag","154","TikTok - Purchase (Complete Payment)","references_elevar_entity","variable","125","dlv - Thank You Page - Customer ID"
"tag","160","TikTok - Subscription Purchase","references_elevar_entity","variable","125","dlv - Thank You Page - Customer ID"
"tag","161","TikTok - Place An Order","references_elevar_entity","variable","125","dlv - Thank You Page - Customer ID"
"tag","302","GA4 - Purchase","references_elevar_entity","variable","125","dlv - Thank You Page - Customer ID"
"variable","285","GA4 Event Settings","references_elevar_entity","variable","125","dlv - Thank You Page - Customer ID"
"tag","155","TikTok - Product View","references_elevar_entity","variable","126","dlv - Product View - Category Name"
"tag","205","Facebook - Product View","references_elevar_entity","variable","126","dlv - Product View - Category Name"
"tag","155","TikTok - Product View","references_elevar_entity","variable","129","dlv - Product View - Name"
"tag","205","Facebook - Product View","references_elevar_entity","variable","129","dlv - Product View - Name"
"tag","412","BloomReach - Product Page (Event)","references_elevar_entity","variable","129","dlv - Product View - Name"
"variable","398","BloomReach Product Name","references_elevar_entity","variable","129","dlv - Product View - Name"
"tag","157","TikTok - Add to Cart","references_elevar_entity","variable","132","dlv - Add to Cart - Product Name"
"tag","203","Facebook - Add to Cart","references_elevar_entity","variable","132","dlv - Add to Cart - Product Name"
"variable","142","TikTok - product identifier","references_elevar_entity","variable","141","constant - product identifier - product id"
"variable","183","Facebook - product identifier","references_elevar_entity","variable","141","constant - product identifier - product id"
"variable","144","TikTok - product group","references_elevar_entity","variable","143","constant - product group - product_group"
"variable","192","Facebook - product group","references_elevar_entity","variable","143","constant - product group - product_group"
"variable","146","custom js - TikTok Collection Page Impressions","references_elevar_entity","variable","145","dlv - Cart - Product Impressions"
"variable","151","TikTok - conversion value","references_elevar_entity","variable","150","constant - conversion value - revenue"
"variable","186","Facebook - conversion value","references_elevar_entity","variable","150","constant - conversion value - revenue"
"tag","160","TikTok - Subscription Purchase","references_elevar_entity","variable","152","dlv - Thank You Page - Action Field"
"tag","161","TikTok - Place An Order","references_elevar_entity","variable","152","dlv - Thank You Page - Action Field"
"tag","193","Facebook - Subscribe","references_elevar_entity","variable","152","dlv - Thank You Page - Action Field"
"tag","210","Facebook - Purchase","references_elevar_entity","variable","152","dlv - Thank You Page - Action Field"
"variable","520","js - TikTok Purchase Value (cleaned)","references_elevar_entity","variable","152","dlv - Thank You Page - Action Field"
"variable","158","js - Has Subscription Purchase","references_variable","variable","54","dlv - Thank You Page - ecommerce.purchase.products"
"trigger","159","Event - subscription purchase","references_elevar_entity","variable","158","js - Has Subscription Purchase"
"variable","270","GA4 - product identifier","references_elevar_entity","variable","167","constant - product identifier - sku"
"tag","179","Facebook - Sitewide Pixel","references_elevar_entity","variable","176","dlv - user_id"
"tag","193","Facebook - Subscribe","references_elevar_entity","variable","176","dlv - user_id"
"tag","210","Facebook - Purchase","references_elevar_entity","variable","176","dlv - user_id"
"tag","179","Facebook - Sitewide Pixel","references_elevar_entity","variable","177","Facebook - Pixel ID"
"tag","180","Facebook - SMS Signup","references_elevar_entity","variable","177","Facebook - Pixel ID"
"tag","193","Facebook - Subscribe","references_elevar_entity","variable","177","Facebook - Pixel ID"
"tag","198","Facebook - Account Sign Up","references_elevar_entity","variable","177","Facebook - Pixel ID"
"tag","199","Facebook - Search","references_elevar_entity","variable","177","Facebook - Pixel ID"
"tag","201","Facebook - Add Payment Info","references_elevar_entity","variable","177","Facebook - Pixel ID"
"tag","203","Facebook - Add to Cart","references_elevar_entity","variable","177","Facebook - Pixel ID"
"tag","204","Facebook - Initiate Checkout","references_elevar_entity","variable","177","Facebook - Pixel ID"
"tag","205","Facebook - Product View","references_elevar_entity","variable","177","Facebook - Pixel ID"
"tag","206","Facebook - View Category","references_elevar_entity","variable","177","Facebook - Pixel ID"
"tag","207","Facebook - Email Signup","references_elevar_entity","variable","177","Facebook - Pixel ID"
"tag","210","Facebook - Purchase","references_elevar_entity","variable","177","Facebook - Pixel ID"
"variable","183","Facebook - product identifier","references_variable","variable","141","constant - product identifier - product id"
"tag","203","Facebook - Add to Cart","references_elevar_entity","variable","183","Facebook - product identifier"
"tag","205","Facebook - Product View","references_elevar_entity","variable","183","Facebook - product identifier"
"variable","184","js - Facebook - Contents - Impressions","references_elevar_entity","variable","183","Facebook - product identifier"
"variable","187","js - Facebook - Contents - Thank You Page","references_elevar_entity","variable","183","Facebook - product identifier"
"variable","188","js - Facebook - Content_IDs - Thank You Page","references_elevar_entity","variable","183","Facebook - product identifier"
"variable","195","js - Facebook - Contents - Checkout Page","references_elevar_entity","variable","183","Facebook - product identifier"
"variable","196","js - Facebook - Contents - Product View","references_elevar_entity","variable","183","Facebook - product identifier"
"variable","197","js - Facebook - Content_IDs - Impressions","references_elevar_entity","variable","183","Facebook - product identifier"
"variable","200","js - Facebook - Content_IDs - Checkout Page","references_elevar_entity","variable","183","Facebook - product identifier"
"variable","202","js - Facebook - Contents - Add to Cart","references_elevar_entity","variable","183","Facebook - product identifier"
"variable","211","js - Facebook - Contents - Cart Contents","references_elevar_entity","variable","183","Facebook - product identifier"
"variable","184","js - Facebook - Contents - Impressions","references_variable","variable","46","dlv - ecommerce.impressions"
"variable","184","js - Facebook - Contents - Impressions","references_variable","variable","183","Facebook - product identifier"
"tag","199","Facebook - Search","references_elevar_entity","variable","184","js - Facebook - Contents - Impressions"
"tag","206","Facebook - View Category","references_elevar_entity","variable","184","js - Facebook - Contents - Impressions"
"tag","193","Facebook - Subscribe","references_elevar_entity","variable","185","var - Thank You Page - User Data Event ID"
"tag","210","Facebook - Purchase","references_elevar_entity","variable","185","var - Thank You Page - User Data Event ID"
"variable","186","Facebook - conversion value","references_variable","variable","150","constant - conversion value - revenue"
"tag","193","Facebook - Subscribe","references_elevar_entity","variable","186","Facebook - conversion value"
"tag","210","Facebook - Purchase","references_elevar_entity","variable","186","Facebook - conversion value"
"variable","187","js - Facebook - Contents - Thank You Page","references_variable","variable","54","dlv - Thank You Page - ecommerce.purchase.products"
"variable","187","js - Facebook - Contents - Thank You Page","references_variable","variable","183","Facebook - product identifier"
"tag","193","Facebook - Subscribe","references_elevar_entity","variable","187","js - Facebook - Contents - Thank You Page"
"tag","210","Facebook - Purchase","references_elevar_entity","variable","187","js - Facebook - Contents - Thank You Page"
"variable","598","js - Reddit - Purchase Items","references_elevar_entity","variable","187","js - Facebook - Contents - Thank You Page"
"variable","188","js - Facebook - Content_IDs - Thank You Page","references_variable","variable","54","dlv - Thank You Page - ecommerce.purchase.products"
"variable","188","js - Facebook - Content_IDs - Thank You Page","references_variable","variable","183","Facebook - product identifier"
"tag","193","Facebook - Subscribe","references_elevar_entity","variable","188","js - Facebook - Content_IDs - Thank You Page"
"tag","210","Facebook - Purchase","references_elevar_entity","variable","188","js - Facebook - Content_IDs - Thank You Page"
"tag","193","Facebook - Subscribe","references_elevar_entity","variable","189","dlv - Thank You Page - Customer Province Code"
"tag","210","Facebook - Purchase","references_elevar_entity","variable","189","dlv - Thank You Page - Customer Province Code"
"variable","190","js - Customer Type","references_variable","variable","53","dlv - Thank You Page - Customer Total Order Count"
"tag","193","Facebook - Subscribe","references_elevar_entity","variable","190","js - Customer Type"
"tag","210","Facebook - Purchase","references_elevar_entity","variable","190","js - Customer Type"
"tag","193","Facebook - Subscribe","references_elevar_entity","variable","191","cookie - GA Client ID"
"tag","210","Facebook - Purchase","references_elevar_entity","variable","191","cookie - GA Client ID"
"variable","192","Facebook - product group","references_variable","variable","143","constant - product group - product_group"
"tag","193","Facebook - Subscribe","references_elevar_entity","variable","192","Facebook - product group"
"tag","199","Facebook - Search","references_elevar_entity","variable","192","Facebook - product group"
"tag","201","Facebook - Add Payment Info","references_elevar_entity","variable","192","Facebook - product group"
"tag","203","Facebook - Add to Cart","references_elevar_entity","variable","192","Facebook - product group"
"tag","204","Facebook - Initiate Checkout","references_elevar_entity","variable","192","Facebook - product group"
"tag","205","Facebook - Product View","references_elevar_entity","variable","192","Facebook - product group"
"tag","206","Facebook - View Category","references_elevar_entity","variable","192","Facebook - product group"
"tag","210","Facebook - Purchase","references_elevar_entity","variable","192","Facebook - product group"
"variable","195","js - Facebook - Contents - Checkout Page","references_variable","variable","91","dlv - ecommerce.checkout.products"
"variable","195","js - Facebook - Contents - Checkout Page","references_variable","variable","183","Facebook - product identifier"
"tag","201","Facebook - Add Payment Info","references_elevar_entity","variable","195","js - Facebook - Contents - Checkout Page"
"tag","204","Facebook - Initiate Checkout","references_elevar_entity","variable","195","js - Facebook - Contents - Checkout Page"
"variable","196","js - Facebook - Contents - Product View","references_variable","variable","31","dlv - Product View - Details Array"
"variable","196","js - Facebook - Contents - Product View","references_variable","variable","183","Facebook - product identifier"
"tag","205","Facebook - Product View","references_elevar_entity","variable","196","js - Facebook - Contents - Product View"
"variable","197","js - Facebook - Content_IDs - Impressions","references_variable","variable","46","dlv - ecommerce.impressions"
"variable","197","js - Facebook - Content_IDs - Impressions","references_variable","variable","183","Facebook - product identifier"
"tag","199","Facebook - Search","references_elevar_entity","variable","197","js - Facebook - Content_IDs - Impressions"
"tag","206","Facebook - View Category","references_elevar_entity","variable","197","js - Facebook - Content_IDs - Impressions"
"variable","200","js - Facebook - Content_IDs - Checkout Page","references_variable","variable","91","dlv - ecommerce.checkout.products"
"variable","200","js - Facebook - Content_IDs - Checkout Page","references_variable","variable","183","Facebook - product identifier"
"tag","201","Facebook - Add Payment Info","references_elevar_entity","variable","200","js - Facebook - Content_IDs - Checkout Page"
"tag","204","Facebook - Initiate Checkout","references_elevar_entity","variable","200","js - Facebook - Content_IDs - Checkout Page"
"variable","202","js - Facebook - Contents - Add to Cart","references_variable","variable","37","dlv - Add to Cart - Add Array"
"variable","202","js - Facebook - Contents - Add to Cart","references_variable","variable","183","Facebook - product identifier"
"tag","203","Facebook - Add to Cart","references_elevar_entity","variable","202","js - Facebook - Contents - Add to Cart"
"variable","211","js - Facebook - Contents - Cart Contents","references_elevar_entity","variable","208","dlv - ecommerce.cart_contents.products"
"variable","287","GA4 - transaction identifier","references_elevar_entity","variable","209","dlv - Thank You Page - Order Name"
"variable","211","js - Facebook - Contents - Cart Contents","references_variable","variable","183","Facebook - product identifier"
"variable","211","js - Facebook - Contents - Cart Contents","references_variable","variable","208","dlv - ecommerce.cart_contents.products"
"tag","280","GA4 - Login","references_elevar_entity","variable","213","dlv - User ID"
"variable","268","GA4 Config Settings","references_elevar_entity","variable","213","dlv - User ID"
"tag","221","GA4 Event - collection page - product lists click","references_elevar_entity","variable","215","GA4 ID"
"tag","223","GA4 Event - home page - featured collection click","references_elevar_entity","variable","215","GA4 ID"
"tag","227","GA4 Event - navigation - footer nav click","references_elevar_entity","variable","215","GA4 ID"
"tag","229","GA4 Event - product page - add to cart click","references_elevar_entity","variable","215","GA4 ID"
"tag","231","GA4 Event - recommended products click","references_elevar_entity","variable","215","GA4 ID"
"tag","233","GA4 Event - home page - shop onesies click","references_elevar_entity","variable","215","GA4 ID"
"tag","237","GA4 Event - home page - featured products click","references_elevar_entity","variable","215","GA4 ID"
"tag","239","GA4 Event - cart drawer - upsell products click","references_elevar_entity","variable","215","GA4 ID"
"tag","247","GA4 Event - global feature - quickshop atc button click","references_elevar_entity","variable","215","GA4 ID"
"tag","248","GA4 Event - home page - deal of the week click","references_elevar_entity","variable","215","GA4 ID"
"tag","250","GA4 Event - navigation - desktop main nav click","references_elevar_entity","variable","215","GA4 ID"
"tag","251","GA4 Event - product page - hot seller products click","references_elevar_entity","variable","215","GA4 ID"
"tag","253","GA4 Event - navigation - mobile main nav click","references_elevar_entity","variable","215","GA4 ID"
"tag","255","GA4 Event - collection page - colletion filter click","references_elevar_entity","variable","215","GA4 ID"
"tag","256","GA4 Event - home page - hero image button click","references_elevar_entity","variable","215","GA4 ID"
"tag","259","GA4 Event - cart drawer - checkout click","references_elevar_entity","variable","215","GA4 ID"
"tag","260","GA4 Event - product page - product variants click","references_elevar_entity","variable","215","GA4 ID"
"tag","261","GA4 Event - home page - featured category click","references_elevar_entity","variable","215","GA4 ID"
"tag","262","GA4 Event - global feature - quickshop variant option click","references_elevar_entity","variable","215","GA4 ID"
"tag","263","GA4 Event - navigation - announcement header click","references_elevar_entity","variable","215","GA4 ID"
"tag","264","GA4 Event - home page - instagram feed interaction click","references_elevar_entity","variable","215","GA4 ID"
"tag","265","GA4 Event - home page - shop outfit section click","references_elevar_entity","variable","215","GA4 ID"
"tag","269","GA4 - Search","references_elevar_entity","variable","215","GA4 ID"
"tag","274","GA4 - Add Payment Info","references_elevar_entity","variable","215","GA4 ID"
"tag","278","GA4 - Click Item From Collection Page","references_elevar_entity","variable","215","GA4 ID"
"tag","280","GA4 - Login","references_elevar_entity","variable","215","GA4 ID"
"tag","286","GA4 Base Tag Configuration","references_elevar_entity","variable","215","GA4 ID"
"tag","288","GA4 - SMS Subscribe","references_elevar_entity","variable","215","GA4 ID"
"tag","290","GA4 - Begin Checkout","references_elevar_entity","variable","215","GA4 ID"
"tag","292","GA4 - View Cart","references_elevar_entity","variable","215","GA4 ID"
"tag","293","GA4 - Collection View","references_elevar_entity","variable","215","GA4 ID"
"tag","295","GA4 - Remove From Cart","references_elevar_entity","variable","215","GA4 ID"
"tag","297","GA4 - Add Shipping Info","references_elevar_entity","variable","215","GA4 ID"
"tag","298","GA4 - Email Subscribe","references_elevar_entity","variable","215","GA4 ID"
"tag","299","GA4 - Item View","references_elevar_entity","variable","215","GA4 ID"
"tag","302","GA4 - Purchase","references_elevar_entity","variable","215","GA4 ID"
"tag","304","GA4 - Sign Up For Account","references_elevar_entity","variable","215","GA4 ID"
"tag","305","GA4 - Add to Cart","references_elevar_entity","variable","215","GA4 ID"
"tag","455","GA4 - event - A/B Test KPI","references_elevar_entity","variable","215","GA4 ID"
"variable","268","GA4 Config Settings","references_variable","variable","213","dlv - User ID"
"tag","286","GA4 Base Tag Configuration","references_elevar_entity","variable","268","GA4 Config Settings"
"variable","270","GA4 - product identifier","references_variable","variable","167","constant - product identifier - sku"
"variable","272","js - GA4 - remove from cart","references_elevar_entity","variable","270","GA4 - product identifier"
"variable","273","js - GA4 - begin checkout","references_elevar_entity","variable","270","GA4 - product identifier"
"variable","277","js - GA4 - select item","references_elevar_entity","variable","270","GA4 - product identifier"
"variable","281","js - GA4 - view item","references_elevar_entity","variable","270","GA4 - product identifier"
"variable","289","js - GA4 - view item list","references_elevar_entity","variable","270","GA4 - product identifier"
"variable","291","js - GA4 - view cart","references_elevar_entity","variable","270","GA4 - product identifier"
"variable","301","js - GA4 - purchase","references_elevar_entity","variable","270","GA4 - product identifier"
"variable","303","js - GA4 - add to cart","references_elevar_entity","variable","270","GA4 - product identifier"
"variable","509","js - GA4 - remove from cart_import_1","references_elevar_entity","variable","270","GA4 - product identifier"
"variable","272","js - GA4 - remove from cart","references_elevar_entity","variable","271","dlv - Remove From Cart - Array"
"variable","272","js - GA4 - remove from cart","references_variable","variable","270","GA4 - product identifier"
"variable","272","js - GA4 - remove from cart","references_variable","variable","271","dlv - Remove From Cart - Array"
"tag","295","GA4 - Remove From Cart","references_elevar_entity","variable","272","js - GA4 - remove from cart"
"variable","273","js - GA4 - begin checkout","references_variable","variable","91","dlv - ecommerce.checkout.products"
"variable","273","js - GA4 - begin checkout","references_variable","variable","270","GA4 - product identifier"
"tag","274","GA4 - Add Payment Info","references_elevar_entity","variable","273","js - GA4 - begin checkout"
"tag","290","GA4 - Begin Checkout","references_elevar_entity","variable","273","js - GA4 - begin checkout"
"tag","297","GA4 - Add Shipping Info","references_elevar_entity","variable","273","js - GA4 - begin checkout"
"variable","277","js - GA4 - select item","references_elevar_entity","variable","276","dlv - Select Item - Array"
"variable","277","js - GA4 - select item","references_variable","variable","270","GA4 - product identifier"
"variable","277","js - GA4 - select item","references_variable","variable","276","dlv - Select Item - Array"
"tag","278","GA4 - Click Item From Collection Page","references_elevar_entity","variable","277","js - GA4 - select item"
"variable","281","js - GA4 - view item","references_variable","variable","31","dlv - Product View - Details Array"
"variable","281","js - GA4 - view item","references_variable","variable","270","GA4 - product identifier"
"tag","299","GA4 - Item View","references_elevar_entity","variable","281","js - GA4 - view item"
"variable","284","js - Remove From Cart Value","references_elevar_entity","variable","282","dlv - Remove From Cart - Quantity"
"variable","284","js - Remove From Cart Value","references_elevar_entity","variable","283","dlv - Remove From Cart - Price"
"variable","284","js - Remove From Cart Value","references_variable","variable","282","dlv - Remove From Cart - Quantity"
"variable","284","js - Remove From Cart Value","references_variable","variable","283","dlv - Remove From Cart - Price"
"tag","295","GA4 - Remove From Cart","references_elevar_entity","variable","284","js - Remove From Cart Value"
"variable","285","GA4 Event Settings","references_variable","variable","41","dlv - Global - Visitor Type"
"variable","285","GA4 Event Settings","references_variable","variable","125","dlv - Thank You Page - Customer ID"
"tag","286","GA4 Base Tag Configuration","references_elevar_entity","variable","285","GA4 Event Settings"
"variable","287","GA4 - transaction identifier","references_variable","variable","209","dlv - Thank You Page - Order Name"
"tag","302","GA4 - Purchase","references_elevar_entity","variable","287","GA4 - transaction identifier"
"variable","289","js - GA4 - view item list","references_variable","variable","46","dlv - ecommerce.impressions"
"variable","289","js - GA4 - view item list","references_variable","variable","270","GA4 - product identifier"
"tag","293","GA4 - Collection View","references_elevar_entity","variable","289","js - GA4 - view item list"
"variable","291","js - GA4 - view cart","references_variable","variable","46","dlv - ecommerce.impressions"
"variable","291","js - GA4 - view cart","references_variable","variable","270","GA4 - product identifier"
"tag","292","GA4 - View Cart","references_elevar_entity","variable","291","js - GA4 - view cart"
"variable","300","js - Add To Cart Value","references_variable","variable","43","dlv - Add to Cart - Price"
"variable","300","js - Add To Cart Value","references_variable","variable","116","dlv - Add to Cart - Quantity"
"tag","305","GA4 - Add to Cart","references_elevar_entity","variable","300","js - Add To Cart Value"
"trigger","238","Click - GA4 Event - cart drawer - upsell products click","references_elevar_entity","variable","300","js - Add To Cart Value"
"variable","301","js - GA4 - purchase","references_variable","variable","54","dlv - Thank You Page - ecommerce.purchase.products"
"variable","301","js - GA4 - purchase","references_variable","variable","270","GA4 - product identifier"
"tag","302","GA4 - Purchase","references_elevar_entity","variable","301","js - GA4 - purchase"
"variable","303","js - GA4 - add to cart","references_variable","variable","37","dlv - Add to Cart - Add Array"
"variable","303","js - GA4 - add to cart","references_variable","variable","270","GA4 - product identifier"
"tag","305","GA4 - Add to Cart","references_elevar_entity","variable","303","js - GA4 - add to cart"
"variable","421","js - Thank You Page - BloomReach line items","references_variable","variable","54","dlv - Thank You Page - ecommerce.purchase.products"
"tag","409","BloomReach - Purchase (Conversion Page)","references_elevar_entity","variable","421","js - Thank You Page - BloomReach line items"
"variable","476","js - Facebook - Content_Name - Thank You Page","references_variable","variable","54","dlv - Thank You Page - ecommerce.purchase.products"
"tag","193","Facebook - Subscribe","references_elevar_entity","variable","476","js - Facebook - Content_Name - Thank You Page"
"tag","210","Facebook - Purchase","references_elevar_entity","variable","476","js - Facebook - Content_Name - Thank You Page"
"variable","477","js - Facebook - Content_Category - Thank You Page","references_variable","variable","54","dlv - Thank You Page - ecommerce.purchase.products"
"tag","193","Facebook - Subscribe","references_elevar_entity","variable","477","js - Facebook - Content_Category - Thank You Page"
"tag","210","Facebook - Purchase","references_elevar_entity","variable","477","js - Facebook - Content_Category - Thank You Page"
"variable","478","js - Facebook - Content_Category - Checkout Page","references_variable","variable","91","dlv - ecommerce.checkout.products"
"tag","201","Facebook - Add Payment Info","references_elevar_entity","variable","478","js - Facebook - Content_Category - Checkout Page"
"tag","204","Facebook - Initiate Checkout","references_elevar_entity","variable","478","js - Facebook - Content_Category - Checkout Page"
"variable","479","js - Facebook - Content_Name - Checkout Page","references_variable","variable","91","dlv - ecommerce.checkout.products"
"tag","201","Facebook - Add Payment Info","references_elevar_entity","variable","479","js - Facebook - Content_Name - Checkout Page"
"tag","204","Facebook - Initiate Checkout","references_elevar_entity","variable","479","js - Facebook - Content_Name - Checkout Page"
"variable","509","js - GA4 - remove from cart_import_1","references_elevar_entity","variable","508","dlv - Remove From Cart - Array_import_1"
"variable","509","js - GA4 - remove from cart_import_1","references_variable","variable","270","GA4 - product identifier"
"variable","509","js - GA4 - remove from cart_import_1","references_variable","variable","508","dlv - Remove From Cart - Array_import_1"
"variable","531","BloomReach Product ID_import_1","references_elevar_entity","variable","513","dlv - Product View - Product ID_import_1"
"variable","515","BloomReach Product SKU_import_1","references_elevar_entity","variable","514","dlv - Product View - SKU_import_1"
"variable","553","BloomReach Cart Data_import_1","references_elevar_entity","variable","535","dlv - Add to Cart - Product ID_import_1"
"variable","553","BloomReach Cart Data_import_1","references_elevar_entity","variable","552","dlv - Add to Cart - SKU_import_1"
